-- Adminer 4.3.1 MySQL dump

SET NAMES utf8;
SET time_zone = '+00:00';
SET foreign_key_checks = 0;
SET sql_mode = 'NO_AUTO_VALUE_ON_ZERO';

CREATE DATABASE `mydb` /*!40100 DEFAULT CHARACTER SET utf8 */;
USE `mydb`;

DROP TABLE IF EXISTS `fcast_result`;
CREATE TABLE `fcast_result` (
  `result_id` int(11) NOT NULL AUTO_INCREMENT,
  `forecast_id` int(11) NOT NULL,
  `result_string` varchar(245) DEFAULT NULL,
  PRIMARY KEY (`result_id`),
  KEY `fk_fcast_result_forecasts1_idx` (`forecast_id`),
  CONSTRAINT `fk_fcast_result_forecasts1` FOREIGN KEY (`forecast_id`) REFERENCES `forecasts` (`forecast_id`) ON DELETE NO ACTION ON UPDATE NO ACTION
) ENGINE=InnoDB DEFAULT CHARSET=latin1;

INSERT INTO `fcast_result` (`result_id`, `forecast_id`, `result_string`) VALUES
(2152,	2941,	'5:10:5:0:0:0:0:0:0:0:20'),
(2153,	2961,	'5:5:10:5:5:0:5:10:0:0:45'),
(2154,	2981,	'10:10:0:5:5:0:10:0:5:0:45'),
(2155,	3001,	'5:5:0:10:10:0:10:0:0:0:40'),
(2156,	3021,	'5:5:0:0:10:0:5:10:0:0:35'),
(2157,	3041,	'0:10:10:0:0:10:5:0:10:5:50'),
(2158,	3061,	'10:10:5:0:0:5:5:5:0:5:45'),
(2159,	3081,	'5:5:10:10:0:5:0:10:0:5:50'),
(2160,	3101,	'5:0:0:5:0:0:10:0:0:0:20'),
(2161,	3121,	'0:5:5:5:0:5:10:0:0:0:30'),
(2162,	3141,	'10:10:5:0:0:0:0:5:5:0:35'),
(2163,	3161,	'5:5:0:5:0:5:5:0:0:0:25'),
(2164,	3181,	'5:5:0:5:10:0:0:10:0:0:35'),
(2165,	3201,	'5:5:0:5:0:0:0:0:0:0:15'),
(2166,	3221,	'10:10:5:5:0:5:5:10:0:0:50'),
(2167,	3241,	'5:0:10:0:10:0:10:5:5:5:50'),
(2168,	3261,	'5:5:0:10:10:0:0:10:0:5:45'),
(2169,	3281,	'5:5:5:0:0:5:5:0:5:0:30'),
(2170,	3301,	'10:10:5:0:0:5:5:0:10:0:45'),
(2171,	3321,	'5:5:0:0:5:5:5:10:0:0:35'),
(2172,	3341,	'5:5:10:10:0:5:0:10:0:0:45'),
(2173,	3361,	'5:5:10:0:5:5:5:0:0:0:35'),
(2174,	3381,	'0:10:0:0:0:5:0:0:5:10:30'),
(2175,	3401,	'5:5:0:10:10:0:5:5:5:0:45'),
(2176,	2942,	'10:5:0:0:0:0:0:0:0:0:15'),
(2177,	2962,	'10:10:0:0:0:0:0:0:0:0:20'),
(2178,	2982,	'10:10:0:0:0:0:0:5:0:0:25'),
(2179,	3002,	'10:10:0:5:0:0:0:0:0:5:30'),
(2180,	3022,	'10:10:0:5:5:0:0:0:10:0:40'),
(2181,	3042,	'0:5:5:5:5:0:0:0:0:0:20'),
(2182,	3062,	'10:10:0:5:10:0:0:5:0:0:40'),
(2183,	3082,	'10:10:0:5:0:0:0:5:5:5:40'),
(2184,	3102,	'5:5:0:5:5:0:0:0:0:0:20'),
(2185,	3122,	'0:10:0:0:5:0:0:0:0:0:15'),
(2186,	3142,	'5:5:0:10:5:0:0:5:5:5:40'),
(2187,	3162,	'10:10:10:0:5:0:10:0:0:0:45'),
(2188,	3182,	'10:5:5:0:5:5:0:0:0:0:30'),
(2189,	3202,	'10:0:5:5:5:5:0:0:10:0:40'),
(2190,	3222,	'5:0:0:0:5:0:0:0:0:0:10'),
(2191,	3242,	'10:0:5:5:10:0:0:0:0:5:35'),
(2192,	3262,	'10:0:5:5:0:0:0:5:0:0:25'),
(2193,	3282,	'10:0:0:0:5:0:0:0:0:5:20'),
(2194,	3302,	'5:5:0:10:5:0:10:0:0:5:40'),
(2195,	3322,	'10:10:10:5:5:0:0:0:10:0:50'),
(2196,	3342,	'5:5:0:0:5:0:0:5:10:0:30'),
(2197,	3362,	'10:10:0:10:10:0:10:0:0:5:55'),
(2198,	3382,	'5:5:0:5:0:0:0:5:0:0:20'),
(2199,	3402,	'10:0:5:5:5:0:0:5:10:5:45'),
(2200,	3421,	'5:0:0:5:0:10:0:5:0:0:25'),
(2201,	3440,	'5:5:0:5:0:0:0:0:0:5:20'),
(2202,	2943,	'5:10:5:0:0:0:0:0:0:0:20'),
(2203,	2963,	'5:5:0:0:10:0:5:0:10:0:35'),
(2204,	2983,	'10:10:5:5:0:5:0:5:0:0:40'),
(2205,	3003,	'5:5:0:5:5:0:10:0:0:0:30'),
(2206,	3023,	'5:5:0:5:10:0:5:0:0:0:30'),
(2207,	3043,	'10:0:5:5:0:10:0:5:0:0:35'),
(2208,	3063,	'10:0:5:5:5:10:10:0:0:0:45'),
(2209,	3083,	'10:10:0:5:0:0:0:0:5:0:30'),
(2210,	3103,	'10:10:10:5:0:0:0:0:10:0:45'),
(2211,	3123,	'0:5:5:5:10:0:10:0:10:0:45'),
(2212,	3143,	'0:10:0:0:10:0:0:5:0:0:25'),
(2213,	3163,	'5:5:0:5:10:5:0:0:5:0:35'),
(2214,	3183,	'5:5:0:5:0:0:5:0:10:0:30'),
(2215,	3203,	'5:5:0:0:10:0:5:5:0:0:30'),
(2216,	3223,	'10:10:10:10:10:0:5:0:0:0:55'),
(2217,	3243,	'10:10:10:10:0:5:10:0:10:0:65'),
(2218,	3263,	'5:5:0:5:5:5:5:5:5:0:40'),
(2219,	3283,	'5:5:5:0:10:0:5:5:0:0:35'),
(2220,	3303,	'10:10:5:5:0:0:0:0:0:0:30'),
(2221,	3323,	'10:10:5:5:10:0:5:0:10:0:55'),
(2222,	3343,	'5:5:10:10:10:0:10:0:0:0:50'),
(2223,	3363,	'5:5:10:5:5:0:0:0:10:0:40'),
(2224,	3383,	'5:5:10:10:0:5:5:0:0:0:40'),
(2225,	3403,	'5:5:10:10:10:0:5:0:5:5:55'),
(2226,	3422,	'10:0:5:0:0:0:5:0:10:0:30'),
(2227,	3441,	'10:10:10:10:0:5:5:10:0:0:60'),
(2228,	3459,	'10:10:10:0:5:5:10:10:0:5:65'),
(2229,	2944,	'0:0:5:10:5:0:0:0:0:0:20'),
(2230,	2964,	'0:5:0:0:0:0:0:0:5:0:10'),
(2231,	2984,	'0:10:10:5:0:0:0:0:0:0:25'),
(2232,	3004,	'0:10:0:5:0:5:5:0:10:10:45'),
(2233,	3024,	'0:10:0:5:0:0:0:0:0:0:15'),
(2234,	3044,	'5:5:5:0:0:10:0:0:5:0:30'),
(2235,	3064,	'5:0:10:0:0:0:0:0:0:0:15'),
(2236,	3084,	'0:10:10:5:0:0:0:0:5:5:35'),
(2237,	3104,	'5:0:10:0:0:5:5:5:0:0:30'),
(2238,	3124,	'5:5:5:0:0:0:5:5:0:0:25'),
(2239,	3144,	'0:5:5:5:0:0:0:5:0:0:20'),
(2240,	3164,	'0:10:0:0:0:10:0:5:0:0:25'),
(2241,	3184,	'0:10:0:5:10:0:0:0:5:0:30'),
(2242,	3204,	'0:5:5:5:0:0:0:10:0:10:35'),
(2243,	3224,	'5:0:10:0:10:0:0:0:0:0:25'),
(2244,	3244,	'0:5:0:0:10:0:0:5:0:0:20'),
(2245,	3264,	'0:10:0:0:0:0:0:10:0:0:20'),
(2246,	3284,	'0:5:10:0:0:5:0:10:5:0:35'),
(2247,	3304,	'5:5:0:10:10:0:0:0:0:0:30'),
(2248,	3324,	'5:0:10:0:10:0:0:0:5:0:30'),
(2249,	3344,	'0:10:0:5:0:10:0:5:0:0:30'),
(2250,	3364,	'0:10:0:0:0:5:0:5:5:0:25'),
(2251,	3384,	'0:10:0:5:10:0:0:0:0:0:25'),
(2252,	3404,	'0:10:0:0:10:0:0:10:0:0:30'),
(2253,	3423,	'5:5:5:5:0:0:0:0:5:5:30'),
(2254,	3442,	'5:0:0:5:10:0:0:10:0:10:40'),
(2255,	3460,	'5:0:0:5:0:0:5:0:5:0:20'),
(2256,	3477,	'0:5:5:5:0:5:0:10:0:10:40'),
(2257,	3494,	'0:0:5:0:0:0:0:10:0:0:15'),
(2258,	3511,	'0:10:0:5:10:0:0:0:0:0:25'),
(2259,	2945,	'10:5:0:0:0:0:0:0:0:0:15'),
(2260,	2965,	'10:0:0:0:0:0:0:5:0:0:15'),
(2261,	2985,	'10:10:0:0:0:0:0:0:0:0:20'),
(2262,	3005,	'5:5:0:0:0:0:0:0:0:0:10'),
(2263,	3025,	'10:0:5:0:0:0:0:0:0:0:15'),
(2264,	3045,	'10:10:0:0:0:0:5:0:0:0:25'),
(2265,	3065,	'10:0:5:0:0:0:5:0:0:0:20'),
(2266,	3085,	'10:0:5:0:0:0:0:0:0:0:15'),
(2267,	3105,	'10:0:5:0:0:0:0:0:0:0:15'),
(2268,	3125,	'5:0:0:0:5:0:0:0:0:0:10'),
(2269,	3145,	'5:5:0:0:0:0:0:0:0:0:10'),
(2270,	3165,	'10:10:0:0:0:0:10:0:5:0:35'),
(2271,	3185,	'10:10:0:5:0:0:0:0:0:0:25'),
(2272,	3205,	'10:0:5:0:0:0:0:0:0:0:15'),
(2273,	3225,	'5:5:0:0:0:0:0:5:5:0:20'),
(2274,	3245,	'0:5:0:0:0:0:0:0:0:0:5'),
(2275,	3265,	'10:10:0:0:0:0:0:0:5:5:30'),
(2276,	3285,	'10:0:0:0:0:0:0:0:0:0:10'),
(2277,	3305,	'5:0:0:0:0:0:0:0:0:0:5'),
(2278,	3325,	'10:10:0:0:0:0:0:5:0:0:25'),
(2279,	3345,	'10:0:5:0:0:0:0:5:0:0:20'),
(2280,	3365,	'10:10:0:5:0:0:10:0:0:0:35'),
(2281,	3385,	'10:10:0:0:0:0:0:0:0:0:20'),
(2282,	3405,	'10:0:5:0:0:0:5:0:0:0:20'),
(2283,	3424,	'5:0:0:0:0:0:0:5:0:0:10'),
(2284,	3443,	'10:0:5:0:0:0:0:0:0:0:15'),
(2285,	3461,	'5:5:0:0:0:0:0:0:0:0:10'),
(2286,	3478,	'10:0:5:0:0:0:0:0:0:0:15'),
(2287,	3495,	'5:5:0:0:0:0:5:0:0:0:15'),
(2288,	3512,	'10:10:0:0:0:0:0:5:0:0:25'),
(2289,	3528,	'10:0:5:0:0:0:5:0:0:0:20'),
(2290,	3544,	'10:10:0:0:0:0:0:0:0:0:20'),
(2291,	2946,	'0:0:0:0:0:5:10:5:0:0:20'),
(2292,	2966,	'0:0:0:0:0:0:0:0:0:0:0'),
(2293,	2986,	'10:0:5:10:0:5:0:0:0:5:35'),
(2294,	3006,	'0:5:5:0:0:5:0:5:0:0:20'),
(2295,	3026,	'0:0:0:0:10:0:0:0:0:0:10'),
(2296,	3046,	'0:5:5:0:10:0:0:0:10:0:30'),
(2297,	3066,	'0:0:0:0:10:0:0:0:10:0:20'),
(2298,	3086,	'10:10:0:10:0:10:0:0:0:0:40'),
(2299,	3106,	'10:10:10:0:10:0:0:5:0:0:45'),
(2300,	3126,	'10:10:0:10:0:0:0:5:0:0:35'),
(2301,	3146,	'10:0:5:0:10:0:5:0:0:0:30'),
(2302,	3166,	'0:5:0:10:0:0:5:5:5:0:30'),
(2303,	3186,	'0:5:0:10:0:0:0:0:0:0:15'),
(2304,	3206,	'0:5:5:5:0:0:0:0:0:0:15'),
(2305,	3226,	'10:10:0:10:10:0:5:0:5:0:50'),
(2306,	3246,	'10:5:0:5:0:0:0:0:0:0:20'),
(2307,	3266,	'0:5:0:10:0:0:0:0:5:0:20'),
(2308,	3286,	'0:0:5:0:0:5:0:0:0:0:10'),
(2309,	3306,	'10:10:0:10:0:5:0:0:0:0:35'),
(2310,	3326,	'10:0:10:0:10:0:0:0:10:0:40'),
(2311,	3346,	'0:0:0:0:0:5:0:0:10:0:15'),
(2312,	3366,	'0:5:5:5:0:5:5:5:0:0:30'),
(2313,	3386,	'10:0:10:0:10:10:0:0:0:0:40'),
(2314,	3406,	'0:0:0:5:0:0:0:0:0:0:5'),
(2315,	3425,	'10:10:0:5:0:0:5:0:0:5:35'),
(2316,	3444,	'10:10:0:10:0:0:5:0:0:0:35'),
(2317,	3462,	'10:0:5:5:0:0:0:10:0:0:30'),
(2318,	3479,	'0:0:0:0:0:5:0:0:0:0:5'),
(2319,	3496,	'10:0:5:0:10:0:0:5:0:0:30'),
(2320,	3513,	'0:5:5:0:10:0:0:0:0:0:20'),
(2321,	3529,	'0:0:0:5:0:0:0:0:0:0:5'),
(2322,	3545,	'10:0:5:5:0:5:5:0:0:0:30'),
(2323,	3560,	'0:0:0:0:0:0:0:0:0:0:0'),
(2324,	3575,	'10:0:5:5:5:0:0:5:0:0:30'),
(2325,	3590,	'0:0:0:0:0:0:0:0:0:0:0'),
(2326,	2947,	'10:5:0:0:0:0:0:0:0:0:15'),
(2327,	2967,	'10:10:0:10:0:5:0:0:5:0:40'),
(2328,	2987,	'0:5:0:0:0:0:0:10:0:0:15'),
(2329,	3007,	'10:0:5:0:0:0:0:0:0:0:15'),
(2330,	3027,	'10:0:0:0:0:0:5:0:0:0:15'),
(2331,	3047,	'10:0:5:0:0:0:5:0:0:0:20'),
(2332,	3067,	'10:10:5:0:0:0:5:0:0:0:30'),
(2333,	3087,	'0:0:0:0:0:0:0:0:0:0:0'),
(2334,	3107,	'0:5:0:0:0:0:5:0:0:0:10'),
(2335,	3127,	'0:0:0:0:0:0:0:0:10:0:10'),
(2336,	3147,	'0:5:5:0:0:0:0:0:0:0:10'),
(2337,	3167,	'10:0:0:0:0:5:0:0:5:0:20'),
(2338,	3187,	'10:0:5:0:0:0:5:0:0:0:20'),
(2339,	3207,	'10:0:5:0:0:0:0:0:0:0:15'),
(2340,	3227,	'0:0:0:0:0:0:0:10:0:0:10'),
(2341,	3247,	'0:0:0:0:0:0:5:0:0:0:5'),
(2342,	3267,	'10:0:0:0:0:0:0:10:5:0:25'),
(2343,	3287,	'10:10:0:10:0:0:0:10:0:0:40'),
(2344,	3307,	'0:0:0:0:0:0:0:0:0:0:0'),
(2345,	3327,	'10:10:5:0:0:0:0:0:0:0:25'),
(2346,	3347,	'10:0:5:0:0:0:0:0:0:0:15'),
(2347,	3367,	'10:0:5:5:0:0:0:0:5:0:25'),
(2348,	3387,	'0:5:10:0:0:0:0:0:0:0:15'),
(2349,	3407,	'10:0:0:0:0:0:5:0:0:0:15'),
(2350,	3426,	'0:0:0:0:0:0:0:0:5:0:5'),
(2351,	3445,	'0:0:0:0:0:0:5:0:0:0:5'),
(2352,	3463,	'0:5:5:0:0:0:0:0:0:0:10'),
(2353,	3480,	'10:10:5:0:0:0:0:10:0:0:35'),
(2354,	3497,	'0:5:5:0:0:0:5:0:0:0:15'),
(2355,	3514,	'10:0:5:0:0:0:0:0:0:0:15'),
(2356,	3530,	'10:10:5:0:0:0:5:0:0:0:30'),
(2357,	3546,	'0:5:5:5:0:0:0:0:0:0:15'),
(2358,	3561,	'10:10:5:0:0:0:0:0:0:5:30'),
(2359,	3576,	'0:5:0:5:0:5:5:0:0:0:20'),
(2360,	3591,	'0:0:0:0:0:0:0:0:0:0:0'),
(2361,	3605,	'0:5:0:0:0:0:5:0:0:0:10'),
(2362,	3619,	'0:10:0:0:0:0:0:0:5:0:15'),
(2363,	2948,	'0:0:0:5:10:5:0:0:0:0:20'),
(2364,	2968,	'0:10:0:10:0:0:0:10:0:0:30'),
(2365,	2988,	'0:0:0:0:0:0:0:0:0:0:0'),
(2366,	3008,	'0:0:5:0:0:0:0:0:0:0:5'),
(2367,	3028,	'0:0:0:0:0:0:0:0:0:0:0'),
(2368,	3048,	'0:0:5:0:0:0:0:0:0:0:5'),
(2369,	3068,	'0:10:5:0:0:0:0:0:0:0:15'),
(2370,	3088,	'0:10:0:5:0:0:5:0:0:0:20'),
(2371,	3108,	'0:0:0:0:0:0:0:0:0:0:0'),
(2372,	3128,	'0:0:0:0:0:0:0:0:0:5:5'),
(2373,	3148,	'0:0:5:0:0:0:5:0:0:5:15'),
(2374,	3168,	'0:0:0:0:0:0:5:0:0:5:10'),
(2375,	3188,	'0:0:0:0:0:0:0:0:0:0:0'),
(2376,	3208,	'0:0:5:0:0:0:0:0:5:0:10'),
(2377,	3228,	'0:0:0:0:0:0:0:0:0:0:0'),
(2378,	3248,	'0:0:0:0:0:0:0:0:0:0:0'),
(2379,	3268,	'0:0:0:0:0:0:0:0:0:0:0'),
(2380,	3288,	'0:10:0:10:0:0:0:0:5:0:25'),
(2381,	3308,	'0:10:0:0:5:5:5:0:5:0:30'),
(2382,	3328,	'0:0:5:0:10:0:0:0:0:0:15'),
(2383,	3348,	'0:0:0:0:0:0:0:0:0:0:0'),
(2384,	3368,	'0:0:5:0:0:0:5:0:0:0:10'),
(2385,	3388,	'0:0:0:0:0:0:0:0:0:0:0'),
(2386,	3408,	'0:10:0:0:5:0:5:0:0:0:20'),
(2387,	3427,	'0:0:0:0:0:0:0:10:0:0:10'),
(2388,	3446,	'0:10:5:0:0:0:0:0:0:0:15'),
(2389,	3464,	'0:0:5:0:0:0:0:0:5:0:10'),
(2390,	3481,	'0:10:5:0:0:0:0:0:0:0:15'),
(2391,	3498,	'0:0:5:0:0:0:0:0:0:0:5'),
(2392,	3515,	'0:0:5:0:0:0:0:10:0:0:15'),
(2393,	3531,	'0:10:5:0:0:0:0:0:0:0:15'),
(2394,	3547,	'0:0:5:0:0:0:5:0:0:0:10'),
(2395,	3562,	'0:10:5:0:0:0:0:0:10:0:25'),
(2396,	3577,	'0:0:0:0:0:0:0:0:5:0:5'),
(2397,	3592,	'0:0:0:5:0:0:0:0:0:0:5'),
(2398,	3606,	'0:0:0:0:0:0:0:0:0:0:0'),
(2399,	3620,	'0:10:0:5:0:0:0:10:0:0:25'),
(2400,	3633,	'0:0:0:0:5:0:0:0:0:0:5'),
(2401,	2949,	'0:0:5:10:5:0:0:0:0:0:20'),
(2402,	2969,	'0:5:0:0:0:5:0:0:0:0:10'),
(2403,	2989,	'5:0:0:5:0:0:10:0:0:0:20'),
(2404,	3009,	'5:0:0:5:0:5:10:10:10:10:55'),
(2405,	3029,	'0:10:0:0:0:0:0:5:10:0:25'),
(2406,	3049,	'5:5:10:10:0:0:0:5:0:0:35'),
(2407,	3069,	'0:5:5:5:0:0:0:0:10:0:25'),
(2408,	3089,	'5:0:0:0:10:0:0:10:0:0:25'),
(2409,	3109,	'5:0:10:0:10:0:10:0:0:5:40'),
(2410,	3129,	'5:0:5:0:0:0:10:5:5:0:30'),
(2411,	3149,	'5:0:5:5:0:5:10:10:10:10:60'),
(2412,	3169,	'0:10:0:0:0:5:0:5:0:0:20'),
(2413,	3189,	'5:0:5:5:0:5:10:10:10:10:60'),
(2414,	3209,	'0:10:0:0:10:0:0:5:0:0:25'),
(2415,	3229,	'5:0:5:0:0:0:0:0:0:0:10'),
(2416,	3249,	'5:5:0:0:5:0:10:0:0:10:35'),
(2417,	3269,	'0:10:0:0:10:0:0:0:0:0:20'),
(2418,	3289,	'0:5:0:0:0:0:0:0:0:0:5'),
(2419,	3309,	'0:5:0:5:0:0:5:0:0:0:15'),
(2420,	3329,	'0:10:0:5:10:0:0:5:0:0:30'),
(2421,	3349,	'0:10:0:0:0:0:0:5:10:0:25'),
(2422,	3369,	'0:10:0:5:10:0:0:5:0:0:30'),
(2423,	3389,	'5:0:10:5:0:0:0:0:0:0:20'),
(2424,	3409,	'0:5:0:0:0:0:5:5:0:0:15'),
(2425,	3428,	'5:0:5:0:0:0:5:0:0:5:20'),
(2426,	3447,	'5:0:0:5:0:5:0:10:5:0:30'),
(2427,	3465,	'5:0:0:0:10:0:10:0:0:0:25'),
(2428,	3482,	'0:5:5:5:0:0:0:0:0:0:15'),
(2429,	3499,	'5:0:0:5:0:0:0:5:0:0:15'),
(2430,	3516,	'0:10:0:5:0:0:0:0:0:0:15'),
(2431,	3532,	'0:5:5:0:10:0:0:5:5:0:30'),
(2432,	3548,	'5:0:0:5:10:0:0:0:0:0:20'),
(2433,	3563,	'0:5:5:5:0:0:0:10:0:10:35'),
(2434,	3578,	'5:0:0:5:0:5:0:5:0:0:20'),
(2435,	3593,	'0:0:0:0:0:0:0:0:0:0:0'),
(2436,	3607,	'5:0:0:0:0:0:0:5:0:0:10'),
(2437,	3621,	'5:5:0:10:0:0:10:0:0:5:35'),
(2438,	3634,	'0:0:0:0:0:0:0:0:0:0:0'),
(2439,	3646,	'0:5:5:10:10:5:0:10:0:0:45'),
(2440,	3658,	'0:10:0:5:10:5:0:5:0:0:35'),
(2441,	3670,	'5:5:0:0:10:0:10:0:5:0:35'),
(2442,	2950,	'10:5:0:0:0:0:0:0:0:0:15'),
(2443,	2970,	'10:10:5:0:10:0:0:0:0:5:40'),
(2444,	2990,	'0:10:0:10:0:5:5:0:10:0:40'),
(2445,	3010,	'10:0:0:10:0:0:0:10:5:0:35'),
(2446,	3030,	'10:0:0:5:0:0:0:5:0:0:20'),
(2447,	3050,	'5:5:0:0:5:10:0:5:0:0:30'),
(2448,	3070,	'10:10:0:5:5:5:5:0:5:5:50'),
(2449,	3090,	'10:0:5:5:10:0:5:5:5:0:45'),
(2450,	3110,	'0:10:0:5:0:0:5:10:0:0:30'),
(2451,	3130,	'0:5:0:0:5:0:0:0:0:0:10'),
(2452,	3150,	'10:10:5:5:0:5:0:5:5:0:45'),
(2453,	3170,	'10:0:5:0:10:0:0:0:0:0:25'),
(2454,	3190,	'10:10:5:0:10:0:0:10:0:0:45'),
(2455,	3210,	'10:0:5:10:0:5:0:5:0:0:35'),
(2456,	3230,	'0:5:0:0:5:5:0:0:10:0:25'),
(2457,	3250,	'10:0:10:10:0:5:0:0:0:0:35'),
(2458,	3270,	'10:0:5:0:0:5:0:0:0:0:20'),
(2459,	3290,	'10:10:10:0:10:0:0:0:0:5:45'),
(2460,	3310,	'10:0:5:5:5:5:0:10:0:10:50'),
(2461,	3330,	'10:0:10:0:5:5:5:5:5:0:45'),
(2462,	3350,	'10:0:10:0:5:5:5:5:5:0:45'),
(2463,	3370,	'10:0:5:5:0:0:0:0:0:5:25'),
(2464,	3390,	'0:5:0:5:5:0:0:0:10:0:25'),
(2465,	3410,	'10:0:5:5:5:5:0:10:5:0:45'),
(2466,	3429,	'0:5:0:10:0:0:0:0:0:10:25'),
(2467,	3448,	'5:5:0:5:5:0:0:5:0:0:25'),
(2468,	3466,	'0:5:5:10:0:5:0:0:0:0:25'),
(2469,	3483,	'10:10:0:5:10:0:0:0:10:0:45'),
(2470,	3500,	'0:5:5:5:5:5:5:0:10:0:40'),
(2471,	3517,	'10:0:5:5:5:5:0:0:10:0:40'),
(2472,	3533,	'10:10:0:10:0:5:5:5:5:0:50'),
(2473,	3549,	'0:5:5:5:0:0:0:0:10:0:25'),
(2474,	3564,	'10:10:0:5:0:5:0:10:0:0:40'),
(2475,	3579,	'0:10:0:5:10:0:0:0:10:0:35'),
(2476,	3594,	'0:0:0:0:0:0:0:0:0:0:0'),
(2477,	3608,	'0:5:10:0:5:5:5:0:10:0:40'),
(2478,	3622,	'0:10:10:0:10:0:0:0:0:10:40'),
(2479,	3635,	'0:0:0:0:0:0:0:0:0:0:0'),
(2480,	3647,	'0:10:0:0:0:0:0:10:0:0:20'),
(2481,	3659,	'10:0:5:5:0:0:5:0:0:0:25'),
(2482,	3671,	'0:0:5:0:0:0:0:0:5:0:10'),
(2483,	3682,	'10:5:5:5:0:0:5:5:0:0:35'),
(2484,	2951,	'0:0:5:10:5:0:0:0:0:0:20'),
(2485,	2971,	'0:5:0:0:0:0:0:5:0:0:10'),
(2486,	2991,	'10:5:5:5:0:0:0:0:5:0:30'),
(2487,	3011,	'0:5:0:5:0:0:5:5:0:0:20'),
(2488,	3031,	'0:5:0:0:0:5:0:10:0:0:20'),
(2489,	3051,	'0:0:0:0:10:0:0:10:0:0:20'),
(2490,	3071,	'0:5:0:0:10:0:0:0:0:0:15'),
(2491,	3091,	'10:10:0:10:0:0:5:5:10:0:50'),
(2492,	3111,	'10:5:5:0:0:0:0:5:0:0:25'),
(2493,	3131,	'10:10:5:5:0:0:5:0:0:0:35'),
(2494,	3151,	'0:5:0:0:0:0:10:10:0:5:30'),
(2495,	3171,	'0:5:0:5:0:0:10:0:0:0:20'),
(2496,	3191,	'0:0:0:5:10:0:5:5:10:0:35'),
(2497,	3211,	'0:5:10:5:0:0:0:10:0:5:35'),
(2498,	3231,	'10:10:5:5:10:0:0:0:5:0:45'),
(2499,	3251,	'0:5:5:5:0:0:5:0:0:5:25'),
(2500,	3271,	'0:5:0:5:0:0:0:0:0:5:15'),
(2501,	3291,	'0:5:5:0:0:5:0:0:0:0:15'),
(2502,	3311,	'10:10:10:5:5:0:0:0:10:5:55'),
(2503,	3331,	'10:10:10:5:5:0:10:0:0:5:55'),
(2504,	3351,	'0:5:10:0:10:0:5:5:0:0:35'),
(2505,	3371,	'0:5:10:0:0:5:10:0:0:0:30'),
(2506,	3391,	'10:0:0:0:10:5:0:0:5:5:35'),
(2507,	3411,	'0:5:0:10:0:0:5:5:0:0:25'),
(2508,	3430,	'10:10:5:5:5:0:0:5:0:0:40'),
(2509,	3449,	'10:10:10:10:10:0:10:0:0:10:70'),
(2510,	3467,	'10:0:10:5:0:0:5:0:0:0:30'),
(2511,	3484,	'0:5:0:0:0:5:0:0:5:0:15'),
(2512,	3501,	'10:0:10:0:10:0:0:0:5:0:35'),
(2513,	3518,	'0:5:10:0:10:0:0:5:5:5:40'),
(2514,	3534,	'0:5:0:5:0:0:0:10:10:0:30'),
(2515,	3550,	'10:0:10:0:0:5:10:0:5:5:45'),
(2516,	3565,	'0:5:0:0:0:0:0:5:0:0:10'),
(2517,	3580,	'10:5:5:0:0:5:0:0:5:0:30'),
(2518,	3595,	'0:0:0:0:0:0:0:0:0:0:0'),
(2519,	3609,	'10:0:5:5:10:0:0:0:5:5:40'),
(2520,	3623,	'10:5:5:10:0:5:5:5:0:0:45'),
(2521,	3636,	'0:0:0:0:0:0:0:0:0:5:5'),
(2522,	3648,	'0:5:0:10:0:0:0:5:0:0:20'),
(2523,	3660,	'0:5:10:0:0:0:0:0:0:5:20'),
(2524,	3672,	'10:0:0:5:0:0:5:0:10:0:30'),
(2525,	3683,	'0:10:10:0:0:0:0:10:0:5:35'),
(2526,	3693,	'0:5:0:0:0:0:0:0:0:0:5'),
(2527,	3703,	'10:0:0:5:0:0:5:5:0:0:25'),
(2528,	3713,	'0:5:0:0:0:5:0:10:10:0:30'),
(2529,	2952,	'10:5:0:0:0:0:0:0:0:0:15'),
(2530,	2972,	'10:0:0:0:0:0:5:0:0:0:15'),
(2531,	2992,	'0:5:5:0:10:0:5:5:0:0:30'),
(2532,	3012,	'10:10:10:0:10:0:0:5:5:5:55'),
(2533,	3032,	'10:0:5:10:0:0:5:0:0:10:40'),
(2534,	3052,	'0:5:10:0:0:10:0:0:0:10:35'),
(2535,	3072,	'10:0:5:10:0:0:5:0:5:0:35'),
(2536,	3092,	'0:10:0:0:10:0:0:5:5:0:30'),
(2537,	3112,	'5:5:5:0:10:0:0:0:10:0:35'),
(2538,	3132,	'5:0:0:5:5:0:0:10:0:0:25'),
(2539,	3152,	'10:0:0:10:0:0:0:0:5:5:30'),
(2540,	3172,	'10:10:0:5:0:0:0:10:0:0:35'),
(2541,	3192,	'10:10:0:0:5:0:0:5:5:0:35'),
(2542,	3212,	'10:10:0:0:5:0:5:0:5:5:40'),
(2543,	3232,	'5:0:0:5:0:0:5:0:0:10:25'),
(2544,	3252,	'10:10:5:0:10:0:0:10:0:5:50'),
(2545,	3272,	'10:10:0:5:5:0:5:0:0:0:35'),
(2546,	3292,	'10:0:5:0:0:0:5:0:5:0:25'),
(2547,	3312,	'0:5:5:5:0:0:0:0:10:0:25'),
(2548,	3332,	'10:10:5:5:0:0:0:0:0:10:40'),
(2549,	3352,	'10:10:0:10:0:0:0:5:5:0:40'),
(2550,	3372,	'10:10:0:5:5:0:0:10:0:0:40'),
(2551,	3392,	'5:5:10:10:0:0:0:0:0:5:35'),
(2552,	3412,	'10:10:5:5:0:0:5:5:5:0:45'),
(2553,	3431,	'5:0:0:0:0:5:10:0:0:0:20'),
(2554,	3450,	'0:5:5:5:0:0:0:5:5:0:25'),
(2555,	3468,	'5:5:0:0:5:0:0:5:5:0:25'),
(2556,	3485,	'10:0:5:10:0:0:5:0:0:10:40'),
(2557,	3502,	'5:5:0:10:0:0:5:10:0:10:45'),
(2558,	3519,	'10:10:0:10:0:0:5:0:0:5:40'),
(2559,	3535,	'10:0:5:0:5:0:5:0:10:10:45'),
(2560,	3551,	'5:5:0:5:5:0:0:0:0:5:25'),
(2561,	3566,	'10:0:5:10:0:0:0:5:0:5:35'),
(2562,	3581,	'5:0:0:10:0:0:10:0:0:10:35'),
(2563,	3596,	'0:0:0:0:0:0:0:0:0:0:0'),
(2564,	3610,	'5:5:5:5:0:0:5:10:0:5:40'),
(2565,	3624,	'5:0:5:0:0:0:0:0:0:0:10'),
(2566,	3637,	'0:0:0:0:0:0:5:5:0:0:10'),
(2567,	3649,	'0:0:5:0:5:0:0:5:0:0:15'),
(2568,	3661,	'10:10:0:5:5:0:5:10:0:5:50'),
(2569,	3673,	'5:5:0:10:0:0:5:5:0:5:35'),
(2570,	3684,	'10:10:0:10:0:0:0:10:0:0:40'),
(2571,	3694,	'10:0:0:0:0:0:10:0:0:10:30'),
(2572,	3704,	'5:5:0:5:0:0:0:5:0:0:20'),
(2573,	3714,	'10:0:5:5:5:0:5:0:10:10:50'),
(2574,	2953,	'10:5:0:0:0:0:0:0:0:0:15'),
(2575,	2973,	'10:10:0:5:5:5:5:0:0:5:45'),
(2576,	2993,	'0:0:10:0:0:0:0:0:0:0:10'),
(2577,	3013,	'10:5:5:0:0:5:0:0:5:0:30'),
(2578,	3033,	'10:5:5:5:5:0:0:10:0:0:40'),
(2579,	3053,	'10:5:5:5:0:0:5:0:0:0:30'),
(2580,	3073,	'10:10:10:5:0:0:0:0:5:5:45'),
(2581,	3093,	'10:10:10:5:5:0:5:0:0:0:45'),
(2582,	3113,	'10:10:10:10:10:10:5:5:0:0:70'),
(2583,	3133,	'0:0:0:0:0:0:0:10:0:0:10'),
(2584,	3153,	'10:10:0:5:0:0:0:5:5:0:35'),
(2585,	3173,	'10:5:0:0:5:0:0:10:0:0:30'),
(2586,	3193,	'10:5:5:5:0:0:0:0:0:0:25'),
(2587,	3213,	'10:5:5:0:10:0:5:5:0:0:40'),
(2588,	3233,	'0:0:0:0:0:0:5:0:10:0:15'),
(2589,	3253,	'10:5:0:0:0:0:0:10:0:0:25'),
(2590,	3273,	'10:5:0:0:10:0:5:0:0:0:30'),
(2591,	3293,	'10:10:0:5:5:0:5:0:0:5:40'),
(2592,	3313,	'5:5:0:5:0:0:5:10:0:0:30'),
(2593,	3333,	'0:5:5:5:0:0:5:5:0:0:25'),
(2594,	3353,	'10:5:5:5:0:0:0:10:10:10:55'),
(2595,	3373,	'10:5:5:10:10:0:0:10:0:5:55'),
(2596,	3393,	'0:5:5:5:0:0:0:0:10:0:25'),
(2597,	3413,	'10:10:10:5:5:0:0:0:5:0:45'),
(2598,	3432,	'0:0:0:0:0:0:0:0:0:0:0'),
(2599,	3451,	'10:10:10:5:5:0:0:0:5:0:45'),
(2600,	3469,	'0:5:5:0:10:0:0:0:0:0:20'),
(2601,	3486,	'10:10:10:5:5:0:5:0:10:0:55'),
(2602,	3503,	'0:5:5:5:0:0:0:10:10:0:35'),
(2603,	3520,	'10:5:5:5:0:0:5:0:10:0:40'),
(2604,	3536,	'10:10:10:0:10:0:0:5:0:0:45'),
(2605,	3552,	'0:5:5:10:10:0:0:0:10:0:40'),
(2606,	3567,	'10:10:10:5:0:0:0:0:0:0:35'),
(2607,	3582,	'0:10:0:5:5:0:0:5:10:0:35'),
(2608,	3597,	'0:0:0:0:0:0:0:0:0:0:0'),
(2609,	3611,	'0:5:0:0:0:0:0:10:10:0:25'),
(2610,	3625,	'0:10:0:0:5:0:0:0:0:0:15'),
(2611,	3638,	'0:0:0:0:5:5:5:0:0:0:15'),
(2612,	3650,	'0:10:10:0:10:0:0:0:0:0:30'),
(2613,	3662,	'10:5:5:10:10:0:0:10:0:0:50'),
(2614,	3674,	'0:5:5:5:5:0:5:0:0:0:25'),
(2615,	3685,	'10:5:0:0:0:0:0:0:0:0:15'),
(2616,	3695,	'10:10:0:5:0:0:0:5:0:0:30'),
(2617,	3705,	'5:5:0:5:0:0:0:0:0:0:15'),
(2618,	3715,	'10:10:10:10:10:0:5:5:0:0:60'),
(2619,	3723,	'0:0:10:0:5:0:0:0:10:0:25'),
(2620,	2954,	'10:5:0:0:0:0:0:0:0:0:15'),
(2621,	2974,	'10:5:0:0:0:0:0:0:0:0:15'),
(2622,	2994,	'0:10:0:0:0:5:0:0:10:0:25'),
(2623,	3014,	'10:0:5:0:0:0:0:0:0:0:15'),
(2624,	3034,	'10:0:10:0:0:0:0:0:0:10:30'),
(2625,	3054,	'0:10:0:5:0:5:0:0:0:0:20'),
(2626,	3074,	'10:5:0:0:0:0:0:0:0:0:15'),
(2627,	3094,	'0:0:5:0:0:0:0:0:5:0:10'),
(2628,	3114,	'5:0:0:0:0:0:0:0:0:0:5'),
(2629,	3134,	'0:0:0:5:0:0:0:0:5:0:10'),
(2630,	3154,	'10:5:0:0:0:0:0:0:0:10:25'),
(2631,	3174,	'10:0:0:5:0:5:0:0:10:0:30'),
(2632,	3194,	'0:10:0:0:0:0:0:0:0:10:20'),
(2633,	3214,	'10:0:10:0:0:0:0:0:0:10:30'),
(2634,	3234,	'0:0:0:5:0:0:0:0:0:0:5'),
(2635,	3254,	'10:0:0:0:0:0:0:0:0:10:20'),
(2636,	3274,	'10:0:0:5:0:0:0:0:10:0:25'),
(2637,	3294,	'10:5:0:0:0:0:0:0:0:0:15'),
(2638,	3314,	'5:0:0:0:0:0:0:0:0:0:5'),
(2639,	3334,	'5:0:0:0:0:0:0:0:0:0:5'),
(2640,	3354,	'10:0:10:0:0:0:0:0:0:0:20'),
(2641,	3374,	'10:0:10:0:0:0:0:0:0:0:20'),
(2642,	3394,	'0:5:5:0:0:0:0:0:0:10:20'),
(2643,	3414,	'10:0:10:0:0:0:0:0:0:5:25'),
(2644,	3433,	'0:0:0:0:0:0:0:0:0:5:5'),
(2645,	3452,	'0:10:0:0:0:0:0:5:5:0:20'),
(2646,	3470,	'0:5:10:0:0:0:0:5:0:0:20'),
(2647,	3487,	'10:5:0:0:0:0:0:0:0:0:15'),
(2648,	3504,	'10:0:10:0:0:0:0:0:10:0:30'),
(2649,	3521,	'10:0:10:0:0:0:0:0:0:10:30'),
(2650,	3537,	'10:5:0:0:0:0:0:0:5:0:20'),
(2651,	3553,	'0:5:10:0:0:0:0:0:0:10:25'),
(2652,	3568,	'10:5:0:0:0:0:0:0:0:0:15'),
(2653,	3583,	'0:5:0:0:0:0:0:10:0:0:15'),
(2654,	3598,	'0:0:0:0:0:0:0:0:0:0:0'),
(2655,	3612,	'0:5:0:5:0:0:0:0:0:10:20'),
(2656,	3626,	'0:5:0:0:0:0:0:0:0:5:10'),
(2657,	3639,	'0:0:0:0:0:0:0:5:0:0:5'),
(2658,	3651,	'5:5:0:0:0:5:0:0:0:0:15'),
(2659,	3663,	'10:0:10:0:0:5:0:0:0:10:35'),
(2660,	3675,	'0:5:10:0:0:5:0:0:0:0:20'),
(2661,	3686,	'0:0:0:5:0:0:0:10:0:0:15'),
(2662,	3696,	'10:5:0:0:0:5:0:10:0:0:30'),
(2663,	3706,	'0:0:0:0:0:0:0:0:10:5:15'),
(2664,	3716,	'10:5:0:0:0:0:0:0:5:0:20'),
(2665,	3724,	'0:0:0:5:0:0:0:0:0:10:15'),
(2666,	3731,	'0:5:5:0:0:0:0:0:0:0:10'),
(2667,	3738,	'0:10:0:0:0:0:5:0:0:10:25'),
(2668,	2955,	'5:10:5:0:0:0:0:0:0:0:20'),
(2669,	2975,	'5:0:0:10:0:0:0:0:0:0:15'),
(2670,	2995,	'0:5:5:0:10:10:0:0:0:5:35'),
(2671,	3015,	'5:0:10:0:10:0:5:0:10:0:40'),
(2672,	3035,	'5:0:5:0:0:0:5:5:5:0:25'),
(2673,	3055,	'0:0:5:5:10:0:0:0:0:0:20'),
(2674,	3075,	'5:0:5:0:0:0:0:0:10:0:20'),
(2675,	3095,	'0:0:10:0:0:5:5:0:5:5:30'),
(2676,	3115,	'0:10:0:5:0:10:0:5:0:0:30'),
(2677,	3135,	'0:0:5:5:0:0:5:5:5:5:30'),
(2678,	3155,	'5:0:0:0:5:0:0:0:10:10:30'),
(2679,	3175,	'5:0:0:5:0:10:0:5:0:5:30'),
(2680,	3195,	'0:10:0:0:0:5:5:0:0:0:20'),
(2681,	3215,	'5:0:0:0:0:0:0:0:0:10:15'),
(2682,	3235,	'0:0:5:5:0:0:0:0:0:0:10'),
(2683,	3255,	'5:0:0:0:10:0:5:5:0:10:35'),
(2684,	3275,	'5:0:0:5:0:0:0:0:0:0:10'),
(2685,	3295,	'5:0:0:10:0:0:0:0:0:0:15'),
(2686,	3315,	'0:0:10:0:0:5:5:0:0:0:20'),
(2687,	3335,	'0:10:10:5:0:10:0:0:0:10:45'),
(2688,	3355,	'5:0:5:0:0:0:5:0:10:0:25'),
(2689,	3375,	'5:0:0:5:0:0:0:5:0:0:15'),
(2690,	3395,	'0:10:10:0:0:0:0:0:0:10:30'),
(2691,	3415,	'0:10:10:5:0:0:0:0:5:0:30'),
(2692,	3434,	'0:0:5:0:0:5:0:0:0:5:15'),
(2693,	3453,	'10:5:5:10:0:0:0:5:5:0:40'),
(2694,	3471,	'0:10:0:0:0:0:5:0:0:0:15'),
(2695,	3488,	'5:0:5:0:0:0:0:0:0:0:10'),
(2696,	3505,	'5:0:10:5:0:0:0:5:0:10:35'),
(2697,	3522,	'5:0:0:0:0:0:0:0:0:10:15'),
(2698,	3538,	'5:0:5:0:0:0:0:0:5:0:15'),
(2699,	3554,	'0:10:0:5:0:0:0:0:0:10:25'),
(2700,	3569,	'5:0:5:0:0:0:0:0:0:0:10'),
(2701,	3584,	'0:0:5:0:0:0:0:10:0:0:15'),
(2702,	3599,	'0:0:0:0:0:0:0:0:0:0:0'),
(2703,	3613,	'0:10:0:5:0:0:0:5:0:10:30'),
(2704,	3627,	'0:0:0:0:0:0:5:0:0:5:10'),
(2705,	3640,	'0:0:0:0:0:0:0:0:0:0:0'),
(2706,	3652,	'0:0:5:0:0:10:0:0:0:0:15'),
(2707,	3664,	'5:0:0:5:0:10:0:5:0:10:35'),
(2708,	3676,	'0:10:0:0:0:10:0:0:0:0:20'),
(2709,	3687,	'10:0:0:5:0:0:0:10:0:0:25'),
(2710,	3697,	'5:0:0:10:0:10:0:10:0:0:35'),
(2711,	3707,	'0:0:5:0:0:0:5:0:0:5:15'),
(2712,	3717,	'5:0:5:5:0:0:0:0:5:0:20'),
(2713,	3725,	'0:0:5:5:0:0:0:0:0:10:20'),
(2714,	3732,	'0:10:10:0:0:5:0:0:10:5:40'),
(2715,	3739,	'0:5:5:0:5:5:5:0:10:10:45'),
(2716,	2956,	'10:5:0:0:0:0:0:0:0:0:15'),
(2717,	2976,	'10:0:5:0:0:5:0:0:0:0:20'),
(2718,	2996,	'0:5:0:0:5:5:0:0:10:5:30'),
(2719,	3016,	'10:0:10:0:5:5:10:0:5:0:45'),
(2720,	3036,	'10:0:5:10:0:5:0:0:0:0:30'),
(2721,	3056,	'0:10:0:5:5:5:0:0:0:0:25'),
(2722,	3076,	'10:0:0:5:0:0:0:0:5:0:20'),
(2723,	3096,	'0:10:0:5:10:0:5:0:0:0:30'),
(2724,	3116,	'10:0:0:0:0:0:0:5:0:5:20'),
(2725,	3136,	'0:0:0:10:0:0:10:0:0:5:25'),
(2726,	3156,	'10:0:5:5:0:0:0:5:5:0:30'),
(2727,	3176,	'10:0:5:10:0:5:0:0:10:5:45'),
(2728,	3196,	'10:0:5:5:10:0:10:0:0:0:40'),
(2729,	3216,	'10:0:5:0:10:0:0:5:0:0:30'),
(2730,	3236,	'0:0:0:10:0:0:0:0:0:0:10'),
(2731,	3256,	'10:0:0:0:5:0:10:0:0:0:25'),
(2732,	3276,	'10:0:5:10:10:0:0:0:10:0:45'),
(2733,	3296,	'10:0:0:0:0:0:0:0:0:0:10'),
(2734,	3316,	'0:0:10:0:0:0:10:0:0:0:20'),
(2735,	3336,	'0:5:10:5:0:0:5:0:5:0:30'),
(2736,	3356,	'10:0:0:5:0:5:0:0:0:0:20'),
(2737,	3376,	'10:0:5:5:10:0:0:0:0:0:30'),
(2738,	3396,	'0:5:10:5:0:0:0:0:0:0:20'),
(2739,	3416,	'0:5:10:0:10:0:10:0:0:5:40'),
(2740,	3435,	'0:0:0:0:0:0:0:0:0:10:10'),
(2741,	3454,	'5:5:0:0:0:5:0:0:0:0:15'),
(2742,	3472,	'0:5:5:0:10:0:10:5:0:0:35'),
(2743,	3489,	'10:0:0:5:0:0:0:0:0:0:15'),
(2744,	3506,	'10:0:10:10:0:5:0:0:10:0:45'),
(2745,	3523,	'10:0:5:5:0:0:0:0:0:0:20'),
(2746,	3539,	'10:0:0:0:10:0:0:5:0:0:25'),
(2747,	3555,	'0:5:5:5:10:0:0:0:0:0:25'),
(2748,	3570,	'10:0:0:5:0:0:0:0:0:0:15'),
(2749,	3585,	'0:0:0:5:0:0:0:0:0:0:5'),
(2750,	3600,	'0:0:0:0:0:0:0:0:0:0:0'),
(2751,	3614,	'0:5:0:10:0:0:0:0:0:0:15'),
(2752,	3628,	'0:0:0:0:0:0:10:0:0:10:20'),
(2753,	3641,	'0:0:0:0:5:0:0:5:0:0:10'),
(2754,	3653,	'0:0:0:0:10:5:0:0:0:0:15'),
(2755,	3665,	'10:0:5:5:10:5:0:0:0:0:35'),
(2756,	3677,	'0:5:5:5:0:5:0:0:0:0:20'),
(2757,	3688,	'5:0:0:10:0:0:5:0:0:0:20'),
(2758,	3698,	'10:0:5:0:0:5:0:0:0:0:20'),
(2759,	3708,	'0:0:0:5:0:0:10:0:10:10:35'),
(2760,	3718,	'10:0:0:5:10:0:0:5:0:0:30'),
(2761,	3726,	'0:0:0:10:0:0:0:0:0:0:10'),
(2762,	3733,	'0:5:10:5:0:0:5:5:5:5:40'),
(2763,	3740,	'0:5:0:0:0:0:0:0:5:0:10'),
(2764,	3745,	'0:0:0:0:5:5:5:0:0:0:15'),
(2765,	3750,	'0:5:5:0:0:5:10:0:0:5:30'),
(2766,	3755,	'0:5:10:0:5:5:5:0:0:10:40'),
(2767,	2957,	'10:5:0:0:0:0:0:0:0:0:15'),
(2768,	2977,	'10:0:5:0:0:0:0:5:0:0:20'),
(2769,	2997,	'0:0:5:0:10:0:0:0:0:0:15'),
(2770,	3017,	'10:10:0:10:10:0:5:0:10:5:60'),
(2771,	3037,	'10:10:0:5:0:0:0:5:5:0:35'),
(2772,	3057,	'5:0:0:0:10:0:0:0:0:0:15'),
(2773,	3077,	'10:0:5:5:5:0:0:0:10:0:35'),
(2774,	3097,	'10:10:0:5:0:0:0:0:5:0:30'),
(2775,	3117,	'10:10:10:0:10:0:0:0:0:0:40'),
(2776,	3137,	'5:5:0:5:0:0:5:5:0:0:25'),
(2777,	3157,	'10:0:5:5:0:0:10:10:10:0:50'),
(2778,	3177,	'10:10:5:5:0:0:10:5:0:0:45'),
(2779,	3197,	'10:10:0:0:0:0:5:5:0:0:30'),
(2780,	3217,	'10:10:0:10:0:0:0:10:0:0:40'),
(2781,	3237,	'5:5:0:5:5:0:0:0:5:0:25'),
(2782,	3257,	'10:10:10:10:10:0:5:5:5:0:65'),
(2783,	3277,	'10:10:5:5:0:0:0:0:0:10:40'),
(2784,	3297,	'10:0:10:0:0:0:0:0:0:0:20'),
(2785,	3317,	'5:5:0:5:0:0:0:5:0:10:30'),
(2786,	3337,	'10:10:0:5:0:0:0:10:0:0:35'),
(2787,	3357,	'10:10:0:0:0:0:0:0:5:0:25'),
(2788,	3377,	'10:10:0:0:0:0:10:5:0:0:35'),
(2789,	3397,	'5:5:0:5:5:5:0:0:5:0:30'),
(2790,	3417,	'10:10:0:5:0:0:0:10:10:0:45'),
(2791,	3436,	'5:5:0:10:0:5:0:5:0:5:35'),
(2792,	3455,	'10:10:0:5:0:0:5:0:10:0:40'),
(2793,	3473,	'5:5:0:10:0:0:5:0:0:0:25'),
(2794,	3490,	'10:0:5:5:0:0:0:0:5:0:25'),
(2795,	3507,	'10:10:0:10:10:0:5:0:5:0:50'),
(2796,	3524,	'10:10:0:5:5:0:0:5:5:0:40'),
(2797,	3540,	'10:0:5:10:0:0:0:10:0:0:35'),
(2798,	3556,	'5:5:0:0:0:0:10:0:5:0:25'),
(2799,	3571,	'10:0:5:5:0:0:0:0:0:5:25'),
(2800,	3586,	'5:0:0:5:0:0:0:0:5:0:15'),
(2801,	3601,	'0:0:0:0:0:0:0:0:0:0:0'),
(2802,	3615,	'5:5:10:5:5:0:0:5:5:0:40'),
(2803,	3629,	'5:0:10:0:0:0:5:5:0:5:30'),
(2804,	3642,	'0:0:0:0:5:0:0:0:0:10:15'),
(2805,	3654,	'0:0:5:0:0:0:0:0:5:0:10'),
(2806,	3666,	'10:10:0:0:0:0:0:5:5:0:30'),
(2807,	3678,	'5:5:0:5:0:0:0:0:0:5:20'),
(2808,	3689,	'0:10:10:5:0:0:5:0:5:0:35'),
(2809,	3699,	'10:0:5:0:0:0:0:0:0:0:15'),
(2810,	3709,	'0:10:0:5:5:0:5:0:0:5:30'),
(2811,	3719,	'10:0:5:0:0:0:0:10:0:0:25'),
(2812,	3727,	'0:0:5:5:0:0:0:0:5:0:15'),
(2813,	3734,	'5:5:0:5:5:5:5:10:10:0:50'),
(2814,	3741,	'0:0:0:0:0:5:0:5:10:0:20'),
(2815,	3746,	'5:0:10:0:10:0:5:5:0:0:35'),
(2816,	3751,	'5:5:0:10:0:0:5:5:0:0:30'),
(2817,	3756,	'5:5:0:10:10:0:5:0:5:5:45'),
(2818,	2958,	'0:0:0:0:0:0:0:5:10:5:20'),
(2819,	2978,	'0:10:0:10:0:0:0:0:0:0:20'),
(2820,	2998,	'0:0:5:0:0:5:0:0:0:10:20'),
(2821,	3018,	'0:0:0:0:0:0:10:0:0:0:10'),
(2822,	3038,	'0:0:0:0:0:0:0:5:0:0:5'),
(2823,	3058,	'0:5:0:0:0:0:0:0:0:0:5'),
(2824,	3078,	'0:10:5:5:0:0:0:0:0:0:20'),
(2825,	3098,	'0:5:5:0:0:0:10:0:0:0:20'),
(2826,	3118,	'0:0:0:0:0:0:0:0:0:0:0'),
(2827,	3138,	'0:5:0:0:0:0:10:0:0:10:25'),
(2828,	3158,	'0:10:0:5:5:0:0:5:0:0:25'),
(2829,	3178,	'0:0:0:0:0:5:0:0:0:10:15'),
(2830,	3198,	'0:0:5:0:0:0:10:0:0:0:15'),
(2831,	3218,	'0:0:5:0:0:0:0:5:0:0:10'),
(2832,	3238,	'0:5:0:0:0:0:0:0:0:0:5'),
(2833,	3258,	'0:0:10:0:0:0:10:0:0:0:20'),
(2834,	3278,	'0:0:0:0:0:0:0:0:0:0:0'),
(2835,	3298,	'0:10:10:10:0:0:0:0:0:0:30'),
(2836,	3318,	'10:0:5:0:0:0:0:5:0:10:30'),
(2837,	3338,	'10:0:5:0:0:0:10:0:0:0:25'),
(2838,	3358,	'0:10:5:0:0:0:0:0:0:0:15'),
(2839,	3378,	'0:0:5:0:0:0:0:0:0:0:5'),
(2840,	3398,	'0:0:0:5:0:0:0:0:0:0:5'),
(2841,	3418,	'0:0:0:0:0:0:10:0:0:0:10'),
(2842,	3437,	'0:5:0:0:0:0:0:0:0:5:10'),
(2843,	3456,	'0:0:5:0:0:0:10:0:0:0:15'),
(2844,	3474,	'0:0:5:0:0:0:10:0:0:0:15'),
(2845,	3491,	'0:10:5:5:0:0:0:0:0:0:20'),
(2846,	3508,	'0:0:0:0:0:0:0:0:0:0:0'),
(2847,	3525,	'0:0:5:5:0:0:0:0:0:0:10'),
(2848,	3541,	'0:10:5:0:0:0:0:5:0:0:20'),
(2849,	3557,	'0:0:5:0:0:0:0:0:0:0:5'),
(2850,	3572,	'0:10:5:5:0:0:0:0:5:0:25'),
(2851,	3587,	'0:10:0:5:0:0:0:0:0:0:15'),
(2852,	3602,	'0:0:0:0:0:0:0:0:0:0:0'),
(2853,	3616,	'0:0:10:0:0:0:0:0:0:0:10'),
(2854,	3630,	'0:10:10:0:0:0:10:0:0:5:35'),
(2855,	3643,	'0:0:0:0:10:10:0:0:0:0:20'),
(2856,	3655,	'0:10:5:0:0:5:0:0:0:0:20'),
(2857,	3667,	'0:0:5:0:0:5:0:0:0:0:10'),
(2858,	3679,	'0:0:5:5:0:5:0:0:0:0:15'),
(2859,	3690,	'10:0:10:0:0:0:0:0:0:0:20'),
(2860,	3700,	'0:10:0:10:0:5:0:0:5:0:30'),
(2861,	3710,	'5:0:0:5:0:0:10:0:0:5:25'),
(2862,	3720,	'0:10:5:0:0:0:0:5:0:0:20'),
(2863,	3728,	'0:0:5:0:0:0:0:0:0:0:5'),
(2864,	3735,	'0:0:0:5:0:0:0:5:0:10:20'),
(2865,	3742,	'0:0:0:0:5:0:5:0:0:0:10'),
(2866,	3747,	'0:0:10:0:0:5:0:0:5:0:20'),
(2867,	3752,	'0:0:5:0:0:0:10:0:5:0:20'),
(2868,	3757,	'0:0:0:0:0:0:0:0:0:5:5');

DROP TABLE IF EXISTS `forecasts`;
CREATE TABLE `forecasts` (
  `forecast_id` int(11) NOT NULL AUTO_INCREMENT,
  `race_id` int(11) NOT NULL,
  `user_id` int(11) NOT NULL,
  `forecast` varchar(45) DEFAULT NULL,
  `foretime` varchar(45) DEFAULT NULL,
  PRIMARY KEY (`forecast_id`),
  KEY `fk_forecasts_races_idx` (`race_id`),
  KEY `fk_forecasts_users1_idx` (`user_id`),
  CONSTRAINT `fk_forecasts_races` FOREIGN KEY (`race_id`) REFERENCES `races` (`race_id`) ON DELETE NO ACTION ON UPDATE NO ACTION,
  CONSTRAINT `fk_forecasts_users1` FOREIGN KEY (`user_id`) REFERENCES `users` (`user_id`) ON DELETE NO ACTION ON UPDATE NO ACTION
) ENGINE=InnoDB DEFAULT CHARSET=latin1;

INSERT INTO `forecasts` (`forecast_id`, `race_id`, `user_id`, `forecast`, `foretime`) VALUES
(2941,	1,	37,	'1:1:1:1:1:1:1:1:1:1',	'1490363166'),
(2942,	2,	37,	'1:1:1:1:1:1:1:1:1:1',	'1490363166'),
(2943,	3,	37,	'1:1:1:1:1:1:1:1:1:1',	'1490363166'),
(2944,	4,	37,	'1:1:1:1:1:1:1:1:1:1',	'1490363166'),
(2945,	5,	37,	'1:1:1:1:1:1:1:1:1:1',	'1490363166'),
(2946,	6,	37,	'1:1:1:1:1:1:1:1:1:1',	'1490363166'),
(2947,	7,	37,	'1:1:1:1:1:1:1:1:1:1',	'1490363166'),
(2948,	8,	37,	'1:1:1:1:1:1:1:1:1:1',	'1490363166'),
(2949,	9,	37,	'1:1:1:1:1:1:1:1:1:1',	'1490363166'),
(2950,	10,	37,	'1:1:1:1:1:1:1:1:1:1',	'1490363166'),
(2951,	11,	37,	'1:1:1:1:1:1:1:1:1:1',	'1490363166'),
(2952,	12,	37,	'1:1:1:1:1:1:1:1:1:1',	'1490363166'),
(2953,	13,	37,	'1:1:1:1:1:1:1:1:1:1',	'1490363166'),
(2954,	14,	37,	'1:1:1:1:1:1:1:1:1:1',	'1490363166'),
(2955,	15,	37,	'1:1:1:1:1:1:1:1:1:1',	'1490363166'),
(2956,	16,	37,	'1:1:1:1:1:1:1:1:1:1',	'1490363166'),
(2957,	17,	37,	'1:1:1:1:1:1:1:1:1:1',	'1490363166'),
(2958,	18,	37,	'1:1:1:1:1:1:1:1:1:1',	'1490363166'),
(2959,	19,	37,	'1:1:1:1:1:1:1:1:1:1',	'1490363166'),
(2960,	20,	37,	'1:1:1:1:1:1:1:1:1:1',	'1490363166'),
(2961,	1,	29,	'1:5:2:4:6:3:9:14:15:7',	'1490432578'),
(2962,	2,	29,	'1:5:6:2:4:9:3:15:14:11',	'1491561699'),
(2963,	3,	29,	'1:2:4:5:3:6:9:14:17:7',	'1492242430'),
(2964,	4,	29,	'1:2:4:5:3:6:9:14:17:7',	'1492242430'),
(2965,	5,	29,	'1:2:4:5:3:6:9:14:17:7',	'1492242430'),
(2966,	6,	29,	'1:2:4:5:3:6:9:14:17:7',	'1492242430'),
(2967,	7,	29,	'1:2:4:5:3:6:9:14:17:7',	'1492242430'),
(2968,	8,	29,	'1:2:4:5:3:6:9:14:17:7',	'1492242430'),
(2969,	9,	29,	'1:2:4:5:3:6:9:14:17:7',	'1492242430'),
(2970,	10,	29,	'1:2:4:5:3:6:9:14:17:7',	'1492242430'),
(2971,	11,	29,	'1:2:4:5:3:6:9:14:17:7',	'1492242430'),
(2972,	12,	29,	'1:2:4:5:3:6:9:14:17:7',	'1492242430'),
(2973,	13,	29,	'1:2:4:5:3:6:9:14:17:7',	'1492242430'),
(2974,	14,	29,	'1:2:4:5:3:6:9:14:17:7',	'1492242430'),
(2975,	15,	29,	'1:2:4:5:3:6:9:14:17:7',	'1492242430'),
(2976,	16,	29,	'1:2:4:5:3:6:9:14:17:7',	'1492242430'),
(2977,	17,	29,	'1:2:4:5:3:6:9:14:17:7',	'1492242430'),
(2978,	18,	29,	'1:2:4:5:3:6:9:14:17:7',	'1492242430'),
(2979,	19,	29,	'1:2:4:5:3:6:9:14:17:7',	'1492242430'),
(2980,	20,	29,	'1:2:4:5:3:6:9:14:17:7',	'1492242430'),
(2981,	1,	12,	'5:1:3:4:6:2:7:9:14:15',	'1490362208'),
(2982,	2,	12,	'1:5:6:2:4:9:3:7:14:13',	'1491491784'),
(2983,	3,	12,	'5:1:6:2:4:3:14:7:9:11',	'1492178037'),
(2984,	4,	12,	'1:5:6:4:2:3:9:15:13:7',	'1493367141'),
(2985,	5,	12,	'1:5:2:6:4:3:9:7:14:8',	'1494579892'),
(2986,	6,	12,	'5:1:6:2:3:4:7:17:8:9',	'1495872367'),
(2987,	7,	12,	'5:1:6:2:3:4:7:17:8:9',	'1495872367'),
(2988,	8,	12,	'5:1:6:2:3:4:7:17:8:9',	'1495872367'),
(2989,	9,	12,	'5:1:4:3:2:8:7:15:11:13',	'1499501164'),
(2990,	10,	12,	'5:2:1:4:6:3:8:15:7:11',	'1500055638'),
(2991,	11,	12,	'5:2:1:4:6:3:8:15:7:11',	'1500055638'),
(2992,	12,	12,	'6:3:5:1:2:7:17:8:15:11',	'1503662374'),
(2993,	13,	12,	'6:3:5:1:2:7:17:8:15:11',	'1503662374'),
(2994,	14,	12,	'6:3:5:1:2:7:17:8:15:11',	'1503662374'),
(2995,	15,	12,	'6:3:5:1:2:7:17:8:15:11',	'1503662374'),
(2996,	16,	12,	'6:3:5:1:2:7:17:8:15:11',	'1503662374'),
(2997,	17,	12,	'6:3:5:1:2:7:17:8:15:11',	'1503662374'),
(2998,	18,	12,	'6:3:5:1:2:7:17:8:15:11',	'1503662374'),
(2999,	19,	12,	'6:3:5:1:2:7:17:8:15:11',	'1503662374'),
(3000,	20,	12,	'6:3:5:1:2:7:17:8:15:11',	'1503662374'),
(3001,	1,	32,	'1:5:3:6:4:2:7:9:11:16',	'1490362349'),
(3002,	2,	32,	'1:5:2:6:7:3:4:9:14:15',	'1491500503'),
(3003,	3,	32,	'1:5:3:2:6:4:7:14:9:13',	'1492178496'),
(3004,	4,	32,	'1:5:2:6:3:4:7:13:9:14',	'1493371786'),
(3005,	5,	32,	'5:1:2:6:4:7:3:8:14:9',	'1494581990'),
(3006,	6,	32,	'1:5:2:6:3:4:11:9:7:8',	'1495822563'),
(3007,	7,	32,	'1:5:2:6:3:4:11:9:7:8',	'1495822563'),
(3008,	8,	32,	'5:1:2:3:4:6:7:8:9:10',	'1498229735'),
(3009,	9,	32,	'5:1:2:3:4:6:7:8:9:10',	'1498229735'),
(3010,	10,	32,	'1:5:3:4:2:6:7:8:9:10',	'1500056230'),
(3011,	11,	32,	'1:5:3:4:2:6:7:8:9:10',	'1500056230'),
(3012,	12,	32,	'1:5:3:4:2:6:7:8:9:10',	'1500056230'),
(3013,	13,	32,	'1:5:3:4:2:6:7:8:9:10',	'1500056230'),
(3014,	14,	32,	'1:5:3:4:2:6:7:8:9:10',	'1500056230'),
(3015,	15,	32,	'1:5:3:4:2:6:7:8:9:10',	'1500056230'),
(3016,	16,	32,	'1:5:3:4:2:6:7:8:9:10',	'1500056230'),
(3017,	17,	32,	'1:5:3:4:2:6:7:8:9:10',	'1500056230'),
(3018,	18,	32,	'1:5:3:4:2:6:7:8:9:10',	'1500056230'),
(3019,	19,	32,	'1:5:3:4:2:6:7:8:9:10',	'1500056230'),
(3020,	20,	32,	'1:5:3:4:2:6:7:8:9:10',	'1500056230'),
(3021,	1,	3,	'1:2:5:3:4:6:9:14:7:11',	'1490362763'),
(3022,	2,	3,	'1:5:2:6:3:4:9:13:7:14',	'1491490801'),
(3023,	3,	3,	'1:5:4:2:3:6:9:14:7:13',	'1492177594'),
(3024,	4,	3,	'1:5:2:4:6:3:9:13:7:17',	'1493366691'),
(3025,	5,	3,	'1:2:5:6:4:3:9:7:17:14',	'1494597451'),
(3026,	6,	3,	'1:2:5:6:4:3:9:7:17:14',	'1494597451'),
(3027,	7,	3,	'1:5:6:2:4:3:17:7:9:8',	'1497109054'),
(3028,	8,	3,	'1:5:6:2:4:3:17:7:9:8',	'1497109054'),
(3029,	9,	3,	'1:5:6:2:4:3:17:7:9:8',	'1497109054'),
(3030,	10,	3,	'1:5:3:6:2:4:9:7:15:10',	'1500061965'),
(3031,	11,	3,	'1:5:3:6:2:4:9:7:15:10',	'1500061965'),
(3032,	12,	3,	'1:2:5:6:3:4:9:7:17:14',	'1503668971'),
(3033,	13,	3,	'1:5:2:6:3:4:7:9:8:17',	'1504271958'),
(3034,	14,	3,	'1:5:2:6:3:4:7:9:17:8',	'1505470864'),
(3035,	15,	3,	'1:2:5:6:3:4:7:9:8:17',	'1506678449'),
(3036,	16,	3,	'1:5:4:2:3:6:9:17:7:8',	'1507283330'),
(3037,	17,	3,	'1:5:3:2:6:17:4:9:7:8',	'1508501186'),
(3038,	18,	3,	'1:5:3:2:4:6:9:7:14:8',	'1509099724'),
(3039,	19,	3,	'1:5:3:2:4:6:9:7:14:8',	'1509099724'),
(3040,	20,	3,	'1:5:3:2:4:6:9:7:14:8',	'1509099724'),
(3041,	1,	19,	'6:1:2:5:3:9:14:15:13:17',	'1490363697'),
(3042,	2,	19,	'6:1:5:4:3:13:9:2:11:17',	'1491555809'),
(3043,	3,	19,	'5:6:1:3:4:9:2:7:13:15',	'1492177511'),
(3044,	4,	19,	'5:6:1:9:2:7:4:3:17:13',	'1493387373'),
(3045,	5,	19,	'1:5:2:6:4:3:17:7:9:14',	'1494664975'),
(3046,	6,	19,	'1:5:2:6:4:3:17:7:9:14',	'1494664975'),
(3047,	7,	19,	'1:5:2:6:4:3:17:7:9:14',	'1494664975'),
(3048,	8,	19,	'1:5:2:6:4:3:17:7:9:14',	'1494664975'),
(3049,	9,	19,	'5:2:3:1:7:17:11:9:13:16',	'1499492161'),
(3050,	10,	19,	'2:1:3:5:4:17:6:7:11:14',	'1500050250'),
(3051,	11,	19,	'2:1:3:5:4:17:6:7:11:14',	'1500050250'),
(3052,	12,	19,	'2:1:3:5:4:17:6:7:11:14',	'1500050250'),
(3053,	13,	19,	'1:5:2:6:7:15:9:4:3:12',	'1504263450'),
(3054,	14,	19,	'5:3:4:2:6:7:11:14:17:13',	'1505474861'),
(3055,	15,	19,	'5:6:1:3:2:4:11:7:12:14',	'1506677522'),
(3056,	16,	19,	'5:4:1:3:2:6:11:12:8:17',	'1507280909'),
(3057,	17,	19,	'5:4:1:3:2:6:11:12:8:17',	'1507280909'),
(3058,	18,	19,	'5:4:1:3:2:6:11:12:8:17',	'1507280909'),
(3059,	19,	19,	'5:4:1:3:2:6:11:12:8:17',	'1507280909'),
(3060,	20,	19,	'5:4:1:3:2:6:11:12:8:17',	'1507280909'),
(3061,	1,	27,	'5:1:6:3:2:4:9:7:11:17',	'1490363773'),
(3062,	2,	27,	'1:5:2:4:6:3:9:7:17:13',	'1491555373'),
(3063,	3,	27,	'5:3:1:2:6:9:7:4:13:16',	'1492184241'),
(3064,	4,	27,	'5:1:6:2:3:9:4:7:16:8',	'1493389016'),
(3065,	5,	27,	'1:2:5:6:4:3:17:4:9:7',	'1494657327'),
(3066,	6,	27,	'1:2:5:6:4:3:17:4:9:7',	'1494657327'),
(3067,	7,	27,	'1:2:5:6:4:3:17:4:9:7',	'1494657327'),
(3068,	8,	27,	'1:2:5:6:4:3:17:4:9:7',	'1494657327'),
(3069,	9,	27,	'1:2:5:6:4:3:17:4:9:7',	'1494657327'),
(3070,	10,	27,	'1:2:5:6:4:3:17:4:9:7',	'1494657327'),
(3071,	11,	27,	'1:2:5:6:4:3:17:4:9:7',	'1494657327'),
(3072,	12,	27,	'1:2:5:6:4:3:17:4:9:7',	'1494657327'),
(3073,	13,	27,	'1:2:5:6:4:3:17:4:9:7',	'1494657327'),
(3074,	14,	27,	'1:2:5:6:4:3:17:4:9:7',	'1494657327'),
(3075,	15,	27,	'1:2:5:6:4:3:17:4:9:7',	'1494657327'),
(3076,	16,	27,	'1:2:5:6:4:3:17:4:9:7',	'1494657327'),
(3077,	17,	27,	'1:2:5:6:4:3:17:4:9:7',	'1494657327'),
(3078,	18,	27,	'1:2:5:6:4:3:17:4:9:7',	'1494657327'),
(3079,	19,	27,	'1:2:5:6:4:3:17:4:9:7',	'1494657327'),
(3080,	20,	27,	'1:2:5:6:4:3:17:4:9:7',	'1494657327'),
(3081,	1,	38,	'1:5:2:6:3:4:17:14:15:13',	'1490366340'),
(3082,	2,	38,	'1:5:2:6:4:3:9:7:8:15',	'1491510050'),
(3083,	3,	38,	'5:1:4:3:2:6:17:9:15:7',	'1492262469'),
(3084,	4,	38,	'1:5:6:4:3:2:9:7:17:10',	'1493396023'),
(3085,	5,	38,	'1:2:5:6:4:3:9:7:17:8',	'1494596606'),
(3086,	6,	38,	'5:6:1:2:3:14:13:16:7:12',	'1495880116'),
(3087,	7,	38,	'5:6:1:2:4:3:7:9:8:14',	'1497107609'),
(3088,	8,	38,	'5:2:6:1:3:4:8:9:7:10',	'1498308015'),
(3089,	9,	38,	'5:1:2:4:6:3:16:8:14:13',	'1499511948'),
(3090,	10,	38,	'1:5:2:6:3:15:8:7:9:11',	'1500115987'),
(3091,	11,	38,	'5:6:4:1:2:3:11:14:8:17',	'1501326988'),
(3092,	12,	38,	'6:5:1:4:2:3:7:8:14:17',	'1503741910'),
(3093,	13,	38,	'1:2:5:6:8:7:9:4:12:14',	'1504349500'),
(3094,	14,	38,	'4:5:3:1:2:6:11:17:8:7',	'1505562100'),
(3095,	15,	38,	'5:6:3:4:1:2:7:17:8:9',	'1506703379'),
(3096,	16,	38,	'5:4:1:3:6:2:8:17:7:10',	'1507296543'),
(3097,	17,	38,	'1:5:2:6:3:9:4:17:7:14',	'1508605796'),
(3098,	18,	38,	'1:4:5:3:2:6:7:8:17:14',	'1509211047'),
(3099,	19,	38,	'1:4:5:3:2:6:7:8:17:14',	'1509211047'),
(3100,	20,	38,	'1:4:5:3:2:6:7:8:17:14',	'1509211047'),
(3101,	1,	42,	'1::3:4:5:6:7:8:9:10',	'1490366660'),
(3102,	2,	42,	'5:1:2:6:3:4:13:9:17:14',	'1491534983'),
(3103,	3,	42,	'5:1:2:3:4:6:14:13:17:7',	'1492185900'),
(3104,	4,	42,	'5:1:6:2:3:4:7:9:13:8',	'1493390409'),
(3105,	5,	42,	'1:2:5:6:3:4:9:7:17:8',	'1494603713'),
(3106,	6,	42,	'5:6:3:1:4:2:13:9:14:7',	'1495879466'),
(3107,	7,	42,	'5:1:6:2:4:3:17:9:7:8',	'1497102034'),
(3108,	8,	42,	'5:1:3:2:3:4:9:8:13:14',	'1498307122'),
(3109,	9,	42,	'5:1:3:2:6:8:7:4:13:9',	'1499509818'),
(3110,	10,	42,	'5:2:1:3:6:7:17:8:13:15',	'1500049558'),
(3111,	11,	42,	'5:2:1:3:6:7:17:8:13:15',	'1500049558'),
(3112,	12,	42,	'5:1:6:4:2:3:7:10:8:11',	'1503741956'),
(3113,	13,	42,	'1:2:5:3:6:8:9:7:17:14',	'1504352523'),
(3114,	14,	42,	'3:5:1:4:6:2:8:9:17:7',	'1505537741'),
(3115,	15,	42,	'5:1:6:2:3:7:8:9:15:14',	'1506756557'),
(3116,	16,	42,	'1:5:6:4:3:2:17:7:8:11',	'1507353752'),
(3117,	17,	42,	'1:5:6:3:2:4:9:8:11:17',	'1508606865'),
(3118,	18,	42,	'5:1:4:2:3:6:8:14:7:17',	'1509210227'),
(3119,	19,	42,	'5:1:4:2:3:6:8:14:7:17',	'1509210227'),
(3120,	20,	42,	'5:1:4:2:3:6:8:14:7:17',	'1509210227'),
(3121,	1,	40,	'6:5:1:2:3:4:7:8:17:9',	'1490367117'),
(3122,	2,	40,	'6:5:1:2:3:4:7:8:17:9',	'1490367117'),
(3123,	3,	40,	'6:5:1:2:3:4:7:8:17:9',	'1490367117'),
(3124,	4,	40,	'5:6:1:2:17:9:7:9:10:11',	'1493376510'),
(3125,	5,	40,	'5:6:1:2:17:9:7:9:10:11',	'1493376510'),
(3126,	6,	40,	'5:6:1:2:17:9:7:9:10:11',	'1493376510'),
(3127,	7,	40,	'5:6:1:2:17:9:7:9:10:11',	'1493376510'),
(3128,	8,	40,	'5:6:1:2:17:9:7:9:10:11',	'1493376510'),
(3129,	9,	40,	'5:6:1:2:17:9:7:9:10:11',	'1493376510'),
(3130,	10,	40,	'5:6:1:2:17:9:7:9:10:11',	'1493376510'),
(3131,	11,	40,	'5:6:1:2:17:9:7:9:10:11',	'1493376510'),
(3132,	12,	40,	'5:6:1:2:17:9:7:9:10:11',	'1493376510'),
(3133,	13,	40,	'5:6:1:2:17:9:7:9:10:11',	'1493376510'),
(3134,	14,	40,	'5:6:1:2:17:9:7:9:10:11',	'1493376510'),
(3135,	15,	40,	'5:6:1:2:17:9:7:9:10:11',	'1493376510'),
(3136,	16,	40,	'5:6:1:2:17:9:7:9:10:11',	'1493376510'),
(3137,	17,	40,	'5:6:1:2:17:9:7:9:10:11',	'1493376510'),
(3138,	18,	40,	'5:6:1:2:17:9:7:9:10:11',	'1493376510'),
(3139,	19,	40,	'5:6:1:2:17:9:7:9:10:11',	'1493376510'),
(3140,	20,	40,	'5:6:1:2:17:9:7:9:10:11',	'1493376510'),
(3141,	1,	10,	'5:1:6:3:2:11:4:7:8:15',	'1490368880'),
(3142,	2,	10,	'5:1:6:3:2:11:4:7:8:15',	'1490368880'),
(3143,	3,	10,	'6:1:4:5:3:2:12:7:9:13',	'1492192555'),
(3144,	4,	10,	'1:6:5:4:2:3:11:9:13:15',	'1493370646'),
(3145,	5,	10,	'5:1:6:2:4:12:16:8:11:7',	'1494583340'),
(3146,	6,	10,	'5:1:2:6:4:3:14:13:7:11',	'1495840572'),
(3147,	7,	10,	'5:1:2:6:4:3:14:13:7:11',	'1495840572'),
(3148,	8,	10,	'5:1:2:6:4:3:14:13:7:11',	'1495840572'),
(3149,	9,	10,	'5:4:1:3:2:6:7:8:9:10',	'1499500459'),
(3150,	10,	10,	'1:2:4:6:5:3:14:7:9:8',	'1500068418'),
(3151,	11,	10,	'1:2:4:6:5:3:14:7:9:8',	'1500068418'),
(3152,	12,	10,	'1:2:4:6:5:3:14:7:9:8',	'1500068418'),
(3153,	13,	10,	'1:2:4:6:5:3:14:7:9:8',	'1500068418'),
(3154,	14,	10,	'1:2:4:6:5:3:14:7:9:8',	'1500068418'),
(3155,	15,	10,	'1:2:4:6:5:3:14:7:9:8',	'1500068418'),
(3156,	16,	10,	'1:2:4:6:5:3:14:7:9:8',	'1500068418'),
(3157,	17,	10,	'1:2:4:6:5:3:14:7:9:8',	'1500068418'),
(3158,	18,	10,	'1:2:4:6:5:3:14:7:9:8',	'1500068418'),
(3159,	19,	10,	'1:2:4:6:5:3:14:7:9:8',	'1500068418'),
(3160,	20,	10,	'1:2:4:6:5:3:14:7:9:8',	'1500068418'),
(3161,	1,	5,	'1:5:4:2:3:7:14:9:15:11',	'1490369645'),
(3162,	2,	5,	'1:5:4:2:3:7:14:9:15:11',	'1490369645'),
(3163,	3,	5,	'1:5:4:2:3:7:14:9:15:11',	'1490369645'),
(3164,	4,	5,	'1:5:4:2:3:7:14:9:15:11',	'1490369645'),
(3165,	5,	5,	'1:5:4:2:3:7:14:9:15:11',	'1490369645'),
(3166,	6,	5,	'1:5:4:2:3:7:14:9:15:11',	'1490369645'),
(3167,	7,	5,	'1:5:4:2:3:7:14:9:15:11',	'1490369645'),
(3168,	8,	5,	'1:5:4:2:3:7:14:9:15:11',	'1490369645'),
(3169,	9,	5,	'1:5:4:2:3:7:14:9:15:11',	'1490369645'),
(3170,	10,	5,	'1:5:4:2:3:7:14:9:15:11',	'1490369645'),
(3171,	11,	5,	'1:5:4:2:3:7:14:9:15:11',	'1490369645'),
(3172,	12,	5,	'1:5:4:2:3:7:14:9:15:11',	'1490369645'),
(3173,	13,	5,	'1:5:4:2:3:7:14:9:15:11',	'1490369645'),
(3174,	14,	5,	'1:5:4:2:3:7:14:9:15:11',	'1490369645'),
(3175,	15,	5,	'1:5:4:2:3:7:14:9:15:11',	'1490369645'),
(3176,	16,	5,	'1:5:4:2:3:7:14:9:15:11',	'1490369645'),
(3177,	17,	5,	'1:5:4:2:3:7:14:9:15:11',	'1490369645'),
(3178,	18,	5,	'1:5:4:2:3:7:14:9:15:11',	'1490369645'),
(3179,	19,	5,	'1:5:4:2:3:7:14:9:15:11',	'1490369645'),
(3180,	20,	5,	'1:5:4:2:3:7:14:9:15:11',	'1490369645'),
(3181,	1,	22,	'1:5:3:2:4:6:17:14:15:7',	'1490370530'),
(3182,	2,	22,	'1:4:3:5:2:6:9:15:10:14',	'1491624424'),
(3183,	3,	22,	'1:5:3:2:4:14:9:6:17:7',	'1492251979'),
(3184,	4,	22,	'1:5:2:6:4:3:9:14:17:7',	'1493382419'),
(3185,	5,	22,	'1:5:2:3:4:6:9:7:17:14',	'1494674390'),
(3186,	6,	22,	'1:5:4:2:3:6:9:14:17:7',	'1495881383'),
(3187,	7,	22,	'1:5:2:4:6:3:17:7:9:8',	'1497116375'),
(3188,	8,	22,	'1:5:4:2:3:7:10:9:8:17',	'1498286140'),
(3189,	9,	22,	'5:4:1:3:2:6:7:8:9:10',	'1499498793'),
(3190,	10,	22,	'1:2:4:5:3:6:9:8:17:10',	'1500049501'),
(3191,	11,	22,	'3:1:5:2:4:17:11:14:8:10',	'1501252511'),
(3192,	12,	22,	'1:5:2:4:6:3:7:8:9:17',	'1503673236'),
(3193,	13,	22,	'1:5:2:6:4:3:7:8:17:9',	'1504344537'),
(3194,	14,	22,	'5:3:1:4:6:2:17:11:7:8',	'1505549769'),
(3195,	15,	22,	'5:1:6:4:3:2:7:8:11:17',	'1506760231'),
(3196,	16,	22,	'1:5:4:3:6:2:7:11:17:12',	'1507319236'),
(3197,	17,	22,	'1:5:2:3:6:4:7:9:8:14',	'1508612467'),
(3198,	18,	22,	'1:5:2:3:6:4:7:9:8:14',	'1508612467'),
(3199,	19,	22,	'1:5:2:3:6:4:7:9:8:14',	'1508612467'),
(3200,	20,	22,	'1:5:2:3:6:4:7:9:8:14',	'1508612467'),
(3201,	1,	2,	'1:2:5:4:3:6:15:17:7:14',	'1490370628'),
(3202,	2,	2,	'1:2:5:4:3:6:15:17:7:14',	'1490370628'),
(3203,	3,	2,	'1:2:5:4:3:6:15:17:7:14',	'1490370628'),
(3204,	4,	2,	'1:2:5:4:3:6:15:17:7:14',	'1490370628'),
(3205,	5,	2,	'1:2:5:4:3:6:15:17:7:14',	'1490370628'),
(3206,	6,	2,	'1:5:2:4:6:3:9:7:14:8',	'1495827631'),
(3207,	7,	2,	'1:5:2:4:6:3:9:7:14:8',	'1495827631'),
(3208,	8,	2,	'1:5:2:4:6:3:9:7:14:8',	'1495827631'),
(3209,	9,	2,	'1:5:2:4:6:3:9:7:14:8',	'1495827631'),
(3210,	10,	2,	'1:5:2:4:6:3:9:7:14:8',	'1495827631'),
(3211,	11,	2,	'1:5:2:4:6:3:9:7:14:8',	'1495827631'),
(3212,	12,	2,	'1:5:2:4:6:3:9:7:14:8',	'1495827631'),
(3213,	13,	2,	'1:5:2:4:6:3:9:7:14:8',	'1495827631'),
(3214,	14,	2,	'1:5:2:4:6:3:9:7:14:8',	'1495827631'),
(3215,	15,	2,	'1:5:2:4:6:3:9:7:14:8',	'1495827631'),
(3216,	16,	2,	'1:5:2:4:6:3:9:7:14:8',	'1495827631'),
(3217,	17,	2,	'1:5:2:4:6:3:9:7:14:8',	'1495827631'),
(3218,	18,	2,	'1:5:2:4:6:3:9:7:14:8',	'1495827631'),
(3219,	19,	2,	'1:5:2:4:6:3:9:7:14:8',	'1495827631'),
(3220,	20,	2,	'1:5:2:4:6:3:9:7:14:8',	'1495827631'),
(3221,	1,	45,	'5:1:6:2:3:4:9:14:17:15',	'1490373965'),
(3222,	2,	45,	'5:6:1:2:3:4:9:10:15:14',	'1491630670'),
(3223,	3,	45,	'5:1:2:6:3:4:9:14:13:15',	'1492262304'),
(3224,	4,	45,	'5:1:6:2:4:3:9:14:15:17',	'1493466783'),
(3225,	5,	45,	'5:1:6:2:4:3:9:14:15:17',	'1493466783'),
(3226,	6,	45,	'5:6:1:2:4:3:14:13:15:7',	'1495885522'),
(3227,	7,	45,	'5:6:1:2:4:3:9:17:7:14',	'1497113429'),
(3228,	8,	45,	'5:6:1:2:4:3:9:17:7:14',	'1497113429'),
(3229,	9,	45,	'5:6:1:2:4:3:9:17:7:14',	'1497113429'),
(3230,	10,	45,	'5:6:1:2:4:3:9:17:7:14',	'1497113429'),
(3231,	11,	45,	'5:6:1:2:4:3:9:17:7:14',	'1497113429'),
(3232,	12,	45,	'5:6:1:2:4:3:9:17:7:14',	'1497113429'),
(3233,	13,	45,	'5:6:1:2:4:3:9:17:7:14',	'1497113429'),
(3234,	14,	45,	'5:6:1:2:4:3:9:17:7:14',	'1497113429'),
(3235,	15,	45,	'5:6:1:2:4:3:9:17:7:14',	'1497113429'),
(3236,	16,	45,	'5:6:1:2:4:3:9:17:7:14',	'1497113429'),
(3237,	17,	45,	'5:6:1:2:4:3:9:17:7:14',	'1497113429'),
(3238,	18,	45,	'5:6:1:2:4:3:9:17:7:14',	'1497113429'),
(3239,	19,	45,	'5:6:1:2:4:3:9:17:7:14',	'1497113429'),
(3240,	20,	45,	'5:6:1:2:4:3:9:17:7:14',	'1497113429'),
(3241,	1,	20,	'1:6:2:3:4:5:7:13:14:17',	'1490377491'),
(3242,	2,	20,	'1:2:5:4:6:3:7:13:9:15',	'1491589212'),
(3243,	3,	20,	'5:1:2:6:4:3:7:13:17:14',	'1492229629'),
(3244,	4,	20,	'1:6:2:5:4:3:15:9:7:13',	'1493398924'),
(3245,	5,	20,	'2:1:6:5:4:3:9:17:7:14',	'1494666456'),
(3246,	6,	20,	'5:3:1:4:13:6:2:14:7:15',	'1495819093'),
(3247,	7,	20,	'5:6:1:4:2:3:17:7:13:11',	'1497114079'),
(3248,	8,	20,	'5:6:4:2:3:7:13:9:8:17',	'1498242773'),
(3249,	9,	20,	'5:2:6:4:1:3:7:13:11:10',	'1499494685'),
(3250,	10,	20,	'1:5:6:4:2:3:7:9:13:8',	'1500055604'),
(3251,	11,	20,	'1:5:6:4:2:3:7:9:13:8',	'1500055604'),
(3252,	12,	20,	'1:5:6:4:2:3:7:9:13:8',	'1500055604'),
(3253,	13,	20,	'1:5:6:4:2:3:7:9:13:8',	'1500055604'),
(3254,	14,	20,	'1:5:6:4:2:3:7:9:13:8',	'1500055604'),
(3255,	15,	20,	'1:5:6:4:2:3:7:9:13:8',	'1500055604'),
(3256,	16,	20,	'1:5:6:4:2:3:7:9:13:8',	'1500055604'),
(3257,	17,	20,	'1:5:6:4:2:3:7:9:13:8',	'1500055604'),
(3258,	18,	20,	'1:5:6:4:2:3:7:9:13:8',	'1500055604'),
(3259,	19,	20,	'1:5:6:4:2:3:7:9:13:8',	'1500055604'),
(3260,	20,	20,	'1:5:6:4:2:3:7:9:13:8',	'1500055604'),
(3261,	1,	11,	'1:2:5:6:4:3:15:14:17:13',	'1490378040'),
(3262,	2,	11,	'1:2:5:6:4:3:15:14:17:13',	'1490378040'),
(3263,	3,	11,	'1:5:4:2:6:3:9:17:15:13',	'1492266753'),
(3264,	4,	11,	'1:5:4:2:6:3:9:17:15:13',	'1492266753'),
(3265,	5,	11,	'1:5:4:2:6:3:9:17:15:13',	'1492266753'),
(3266,	6,	11,	'1:5:4:2:6:3:9:17:15:13',	'1492266753'),
(3267,	7,	11,	'1:5:4:2:6:3:9:17:15:13',	'1492266753'),
(3268,	8,	11,	'1:5:4:2:6:3:9:17:15:13',	'1492266753'),
(3269,	9,	11,	'1:5:4:2:6:3:9:17:15:13',	'1492266753'),
(3270,	10,	11,	'1:5:4:2:6:3:9:17:15:13',	'1492266753'),
(3271,	11,	11,	'1:5:4:2:6:3:9:17:15:13',	'1492266753'),
(3272,	12,	11,	'1:5:4:2:6:3:9:17:15:13',	'1492266753'),
(3273,	13,	11,	'1:5:4:2:6:3:9:17:15:13',	'1492266753'),
(3274,	14,	11,	'1:5:4:2:6:3:9:17:15:13',	'1492266753'),
(3275,	15,	11,	'1:5:4:2:6:3:9:17:15:13',	'1492266753'),
(3276,	16,	11,	'1:5:4:2:6:3:9:17:15:13',	'1492266753'),
(3277,	17,	11,	'1:5:4:2:6:3:9:17:15:13',	'1492266753'),
(3278,	18,	11,	'1:5:4:2:6:3:9:17:15:13',	'1492266753'),
(3279,	19,	11,	'1:5:4:2:6:3:9:17:15:13',	'1492266753'),
(3280,	20,	11,	'1:5:4:2:6:3:9:17:15:13',	'1492266753'),
(3281,	1,	28,	'1:2:6:5:3:4:9:17:14:7',	'1490384073'),
(3282,	2,	28,	'1:2:6:5:3:4:9:17:14:7',	'1490384073'),
(3283,	3,	28,	'1:2:6:5:3:4:9:17:14:7',	'1490384073'),
(3284,	4,	28,	'1:2:6:5:3:4:9:17:14:7',	'1490384073'),
(3285,	5,	28,	'1:2:6:5:3:4:9:17:14:7',	'1490384073'),
(3286,	6,	28,	'1:2:6:5:3:4:9:17:14:7',	'1490384073'),
(3287,	7,	28,	'1:2:6:5:3:4:9:17:14:7',	'1490384073'),
(3288,	8,	28,	'1:2:6:5:3:4:9:17:14:7',	'1490384073'),
(3289,	9,	28,	'1:2:6:5:3:4:9:17:14:7',	'1490384073'),
(3290,	10,	28,	'1:2:6:5:3:4:9:17:14:7',	'1490384073'),
(3291,	11,	28,	'1:2:6:5:3:4:9:17:14:7',	'1490384073'),
(3292,	12,	28,	'1:2:6:5:3:4:9:17:14:7',	'1490384073'),
(3293,	13,	28,	'1:2:6:5:3:4:9:17:14:7',	'1490384073'),
(3294,	14,	28,	'1:2:6:5:3:4:9:17:14:7',	'1490384073'),
(3295,	15,	28,	'1:2:6:5:3:4:9:17:14:7',	'1490384073'),
(3296,	16,	28,	'1:2:6:5:3:4:9:17:14:7',	'1490384073'),
(3297,	17,	28,	'1:2:6:5:3:4:9:17:14:7',	'1490384073'),
(3298,	18,	28,	'1:2:6:5:3:4:9:17:14:7',	'1490384073'),
(3299,	19,	28,	'1:2:6:5:3:4:9:17:14:7',	'1490384073'),
(3300,	20,	28,	'1:2:6:5:3:4:9:17:14:7',	'1490384073'),
(3301,	1,	43,	'5:1:6:3:2:4:14:9:13:15',	'1490384408'),
(3302,	2,	43,	'5:1:6:3:2:4:14:9:13:15',	'1490384408'),
(3303,	3,	43,	'5:1:6:3:2:4:13:9:14:7',	'1492261176'),
(3304,	4,	43,	'5:6:2:1:4:9:3:7:8:17',	'1493462070'),
(3305,	5,	43,	'5:6:2:1:4:3:9:7:17:8',	'1494672279'),
(3306,	6,	43,	'5:6:1:2:3:4:13:14:7:8',	'1495883316'),
(3307,	7,	43,	'5:6:1:2:4:3:9:8:13:17',	'1497107672'),
(3308,	8,	43,	'6:2:4:3:5:1:8:13:14:17',	'1498308875'),
(3309,	9,	43,	'6:2:4:3:5:1:8:13:14:17',	'1498308875'),
(3310,	10,	43,	'1:5:2:6:4:3:7:8:13:9',	'1500114055'),
(3311,	11,	43,	'5:6:2:4:1:3:17:11:8:13',	'1501327883'),
(3312,	12,	43,	'6:1:5:2:3:4:7:17:8:11',	'1503747093'),
(3313,	13,	43,	'2:5:1:6:4:3:8:9:11:17',	'1504326486'),
(3314,	14,	43,	'3:5:4:1:2:6:11:17:14:13',	'1505562684'),
(3315,	15,	43,	'5:6:3:1:4:2:7:17:11:14',	'1506761905'),
(3316,	16,	43,	'5:6:3:1:4:2:7:17:11:14',	'1506761905'),
(3317,	17,	43,	'5:1:3:2:6:4:17:9:8:13',	'1508616407'),
(3318,	18,	43,	'4:1:5:2:6:3:8:7:14:11',	'1509210728'),
(3319,	19,	43,	'4:1:5:2:6:3:8:7:14:11',	'1509210728'),
(3320,	20,	43,	'4:1:5:2:6:3:8:7:14:11',	'1509210728'),
(3321,	1,	44,	'1:2:5:3:6:4:9:14:7:15',	'1490384921'),
(3322,	2,	44,	'1:5:4:6:2:3:9:13:7:14',	'1491591026'),
(3323,	3,	44,	'5:1:6:2:3:4:9:13:17:14',	'1492263301'),
(3324,	4,	44,	'5:1:6:2:4:3:9:7:17:13',	'1493389058'),
(3325,	5,	44,	'1:5:6:2:4:3:9:14:17:7',	'1494618772'),
(3326,	6,	44,	'5:1:3:6:4:13:7:14:9:8',	'1495833444'),
(3327,	7,	44,	'1:2:5:6:3:4:9:7:13:14',	'1497121783'),
(3328,	8,	44,	'5:4:2:3:1:6:7:8:13:17',	'1498286684'),
(3329,	9,	44,	'1:5:2:3:6:13:9:7:17:8',	'1499515117'),
(3330,	10,	44,	'1:5:6:2:4:3:17:7:8:14',	'1500112541'),
(3331,	11,	44,	'5:6:2:4:1:3:14:17:11:13',	'1501322817'),
(3332,	12,	44,	'1:5:6:2:4:3:8:7:17:14',	'1503675868'),
(3333,	13,	44,	'5:1:2:6:9:4:8:7:17:3',	'1504347577'),
(3334,	14,	44,	'3:4:1:5:2:6:17:11:13:7',	'1505546735'),
(3335,	15,	44,	'5:1:3:2:4:7:17:14:11:8',	'1506754638'),
(3336,	16,	44,	'5:1:3:6:7:2:8:17:9:10',	'1507299757'),
(3337,	17,	44,	'1:5:2:6:3:4:11:7:8:14',	'1508605455'),
(3338,	18,	44,	'4:1:5:2:3:6:7:17:8:14',	'1509207364'),
(3339,	19,	44,	'4:1:5:2:3:6:7:17:8:14',	'1509207364'),
(3340,	20,	44,	'4:1:5:2:3:6:7:17:8:14',	'1509207364'),
(3341,	1,	15,	'1:5:2:6:3:4:17:14:15:7',	'1490386575'),
(3342,	2,	15,	'5:1:6:2:3:4:9:14:7:13',	'1491495691'),
(3343,	3,	15,	'1:5:2:6:3:4:7:14:9:13',	'1492179141'),
(3344,	4,	15,	'1:5:2:6:3:7:4:9:8:15',	'1493367611'),
(3345,	5,	15,	'1:2:5:6:3:4:7:14:9:17',	'1494588462'),
(3346,	6,	15,	'1:2:5:6:3:4:7:14:9:17',	'1494588462'),
(3347,	7,	15,	'1:5:2:4:6:3:9:7:14:8',	'1497102925'),
(3348,	8,	15,	'1:5:6:2:4:3:17:7:9:8',	'1498242846'),
(3349,	9,	15,	'1:5:6:2:4:3:17:7:9:8',	'1498242846'),
(3350,	10,	15,	'1:5:6:2:4:3:17:7:9:8',	'1498242846'),
(3351,	11,	15,	'1:5:2:6:4:3:7:8:9:17',	'1501209033'),
(3352,	12,	15,	'1:5:2:6:4:3:7:8:9:17',	'1501209033'),
(3353,	13,	15,	'1:5:2:6:17:15:3:9:7:4',	'1504247464'),
(3354,	14,	15,	'1:5:2:6:17:15:3:9:7:4',	'1504247464'),
(3355,	15,	15,	'1:2:5:6:3:4:7:8:9:10',	'1506671999'),
(3356,	16,	15,	'1:2:5:3:4:6:14:8:17:7',	'1507276851'),
(3357,	17,	15,	'1:5:2:3:6:9:17:4:7:14',	'1508500333'),
(3358,	18,	15,	'1:2:5:3:4:6:17:14:8:7',	'1509200264'),
(3359,	19,	15,	'1:2:5:3:4:6:17:14:8:7',	'1509200264'),
(3360,	20,	15,	'1:2:5:3:4:6:17:14:8:7',	'1509200264'),
(3361,	1,	16,	'1:5:2:3:6:4:14:9:17:7',	'1490392047'),
(3362,	2,	16,	'1:5:2:3:6:4:14:9:17:7',	'1490392047'),
(3363,	3,	16,	'1:5:2:3:6:4:14:9:17:7',	'1492183247'),
(3364,	4,	16,	'1:5:2:3:6:4:14:9:17:7',	'1493368397'),
(3365,	5,	16,	'1:5:2:3:6:4:14:9:17:7',	'1494584685'),
(3366,	6,	16,	'1:5:2:3:6:4:14:9:17:7',	'1495816715'),
(3367,	7,	16,	'1:5:2:3:6:4:14:9:17:7',	'1495816715'),
(3368,	8,	16,	'1:5:2:3:6:4:14:9:17:7',	'1495816715'),
(3369,	9,	16,	'1:5:2:3:6:4:14:9:17:7',	'1495816715'),
(3370,	10,	16,	'1:5:2:3:6:4:14:9:17:7',	'1495816715'),
(3371,	11,	16,	'1:5:2:3:6:4:14:9:17:7',	'1501212750'),
(3372,	12,	16,	'1:5:2:3:6:4:14:9:17:7',	'1503664353'),
(3373,	13,	16,	'1:5:2:3:6:4:14:9:17:7',	'1504248524'),
(3374,	14,	16,	'1:5:2:3:6:4:14:9:17:7',	'1505459444'),
(3375,	15,	16,	'1:5:2:3:6:4:14:9:17:7',	'1506700334'),
(3376,	16,	16,	'1:5:2:3:6:4:14:9:17:7',	'1507274827'),
(3377,	17,	16,	'1:5:2:3:6:4:14:9:17:7',	'1508494998'),
(3378,	18,	16,	'1:5:2:3:6:4:14:9:17:7',	'1509109703'),
(3379,	19,	16,	'1:5:2:3:6:4:14:9:17:7',	'1509109703'),
(3380,	20,	16,	'1:5:2:3:6:4:14:9:17:7',	'1509109703'),
(3381,	1,	23,	'6:1:4:3:2:7:15:17:14:8',	'1490395519'),
(3382,	2,	23,	'5:1:2:6:4:3:9:7:15:14',	'1491564841'),
(3383,	3,	23,	'1:5:2:6:4:3:9:14:7:15',	'1492180090'),
(3384,	4,	23,	'1:5:2:6:4:3:9:7:8:15',	'1493386345'),
(3385,	5,	23,	'1:5:2:6:4:3:9:7:14:8',	'1494660016'),
(3386,	6,	23,	'5:1:3:6:4:14:13:2:7:8',	'1495816373'),
(3387,	7,	23,	'5:1:3:6:4:14:13:2:7:8',	'1495816373'),
(3388,	8,	23,	'5:1:3:6:4:14:13:2:7:8',	'1495816373'),
(3389,	9,	23,	'5:1:3:6:4:14:13:2:7:8',	'1495816373'),
(3390,	10,	23,	'5:1:3:6:4:14:13:2:7:8',	'1495816373'),
(3391,	11,	23,	'5:1:3:6:4:14:13:2:7:8',	'1495816373'),
(3392,	12,	23,	'5:1:3:6:4:14:13:2:7:8',	'1495816373'),
(3393,	13,	23,	'5:1:3:6:4:14:13:2:7:8',	'1495816373'),
(3394,	14,	23,	'5:1:3:6:4:14:13:2:7:8',	'1495816373'),
(3395,	15,	23,	'5:1:3:6:4:14:13:2:7:8',	'1495816373'),
(3396,	16,	23,	'5:1:3:6:4:14:13:2:7:8',	'1495816373'),
(3397,	17,	23,	'5:1:3:6:4:14:13:2:7:8',	'1495816373'),
(3398,	18,	23,	'5:1:3:6:4:14:13:2:7:8',	'1495816373'),
(3399,	19,	23,	'5:1:3:6:4:14:13:2:7:8',	'1495816373'),
(3400,	20,	23,	'5:1:3:6:4:14:13:2:7:8',	'1495816373'),
(3401,	1,	7,	'1:5:3:6:4:2:9:7:14:15',	'1490381951'),
(3402,	2,	7,	'1:2:5:6:3:4:9:14:7:15',	'1491579206'),
(3403,	3,	7,	'1:5:2:6:3:4:9:14:15:17',	'1492188761'),
(3404,	4,	7,	'1:5:2:3:4:6:9:17:15:8',	'1493404820'),
(3405,	5,	7,	'1:2:5:6:4:3:17:9:7:8',	'1494610232'),
(3406,	6,	7,	'1:4:5:3:6:13:2:14:7:8',	'1495816165'),
(3407,	7,	7,	'1:5:6:2:4:3:17:7:9:8',	'1497108699'),
(3408,	8,	7,	'1:2:6:4:5:3:8:7:13:17',	'1498306048'),
(3409,	9,	7,	'1:2:6:4:5:3:8:7:13:17',	'1498306048'),
(3410,	10,	7,	'1:5:2:6:4:3:7:8:9:17',	'1500053455'),
(3411,	11,	7,	'3:5:4:1:6:2:7:8:11:17',	'1501265854'),
(3412,	12,	7,	'1:5:6:2:4:3:17:8:14:7',	'1503679835'),
(3413,	13,	7,	'1:2:5:6:8:7:3:17:4:9',	'1504289644'),
(3414,	14,	7,	'1:5:2:6:3:4:8:17:7:9',	'1505457602'),
(3415,	15,	7,	'5:1:3:2:6:4:17:11:8:7',	'1506707615'),
(3416,	16,	7,	'5:1:3:4:6:2:7:8:17:11',	'1507308012'),
(3417,	17,	7,	'1:5:2:6:3:17:4:7:9:8',	'1508607337'),
(3418,	18,	7,	'1:5:4:3:6:2:7:8:17:14',	'1509193839'),
(3419,	19,	7,	'1:5:4:3:6:2:7:8:17:14',	'1509193839'),
(3420,	20,	7,	'1:5:4:3:6:2:7:8:17:14',	'1509193839'),
(3421,	2,	47,	'5:6:1:4:11:2:15:14:17:9',	'1491500642'),
(3422,	3,	47,	'5:6:1:4:11:2:15:14:17:9',	'1491500642'),
(3423,	4,	47,	'5:6:1:4:11:2:15:14:17:9',	'1491500642'),
(3424,	5,	47,	'5:6:1:4:11:2:15:14:17:9',	'1491500642'),
(3425,	6,	47,	'5:6:1:4:11:2:15:14:17:9',	'1491500642'),
(3426,	7,	47,	'5:6:1:4:11:2:15:14:17:9',	'1491500642'),
(3427,	8,	47,	'5:6:1:4:11:2:15:14:17:9',	'1491500642'),
(3428,	9,	47,	'5:6:1:4:11:2:15:14:17:9',	'1491500642'),
(3429,	10,	47,	'5:6:1:4:11:2:15:14:17:9',	'1491500642'),
(3430,	11,	47,	'5:6:1:4:11:2:15:14:17:9',	'1491500642'),
(3431,	12,	47,	'5:6:1:4:11:2:15:14:17:9',	'1491500642'),
(3432,	13,	47,	'5:6:1:4:11:2:15:14:17:9',	'1491500642'),
(3433,	14,	47,	'5:6:1:4:11:2:15:14:17:9',	'1491500642'),
(3434,	15,	47,	'5:6:1:4:11:2:15:14:17:9',	'1491500642'),
(3435,	16,	47,	'5:6:1:4:11:2:15:14:17:9',	'1491500642'),
(3436,	17,	47,	'5:6:1:4:11:2:15:14:17:9',	'1491500642'),
(3437,	18,	47,	'5:6:1:4:11:2:15:14:17:9',	'1491500642'),
(3438,	19,	47,	'5:6:1:4:11:2:15:14:17:9',	'1491500642'),
(3439,	20,	47,	'5:6:1:4:11:2:15:14:17:9',	'1491500642'),
(3440,	2,	18,	'5:1:2:6:4:3:9:13:14:7',	'1491630237'),
(3441,	3,	18,	'5:1:2:6:4:3:9:15:14:13',	'1492204448'),
(3442,	4,	18,	'5:1:2:6:4:3:9:17:7:14',	'1493462642'),
(3443,	5,	18,	'1:2:5:6:4:3:9:7:17:14',	'1494672770'),
(3444,	6,	18,	'5:6:1:2:3:13:14:4:7:12',	'1495880499'),
(3445,	7,	18,	'5:6:1:2:4:3:17:7:8:13',	'1497113157'),
(3446,	8,	18,	'1:2:5:6:3:4:9:7:8:13',	'1498305508'),
(3447,	9,	18,	'5:1:2:6:3:7:9:8:10:11',	'1499512217'),
(3448,	10,	18,	'2:1:5:6:4:9:3:7:15:17',	'1500116655'),
(3449,	11,	18,	'5:6:2:1:4:3:14:17:11:12',	'1501328300'),
(3450,	12,	18,	'6:1:5:2:4:3:7:8:14:11',	'1503742691'),
(3451,	13,	18,	'1:2:5:6:3:4:7:8:9:11',	'1504351835'),
(3452,	14,	18,	'4:3:1:5:11:6:2:12:8:7',	'1505563663'),
(3453,	15,	18,	'4:3:1:5:11:6:2:12:8:7',	'1505563663'),
(3454,	16,	18,	'4:3:1:5:11:6:2:12:8:7',	'1505563663'),
(3455,	17,	18,	'1:5:2:6:3:7:8:4:9:14',	'1508608273'),
(3456,	18,	18,	'1:5:2:4:6:3:7:8:14:17',	'1509208749'),
(3457,	19,	18,	'1:5:2:4:6:3:7:8:14:17',	'1509208749'),
(3458,	20,	18,	'1:5:2:4:6:3:7:8:14:17',	'1509208749'),
(3459,	3,	25,	'5:1:2:4:6:3:7:15:14:17',	'1492188371'),
(3460,	4,	25,	'5:1:2:4:6:3:7:15:14:17',	'1492188371'),
(3461,	5,	25,	'5:1:2:4:6:3:7:15:14:17',	'1492188371'),
(3462,	6,	25,	'5:1:2:4:6:3:7:15:14:17',	'1492188371'),
(3463,	7,	25,	'5:1:2:4:6:3:7:15:14:17',	'1492188371'),
(3464,	8,	25,	'5:1:2:4:6:3:7:15:14:17',	'1492188371'),
(3465,	9,	25,	'5:1:2:4:6:3:7:15:14:17',	'1492188371'),
(3466,	10,	25,	'5:1:2:4:6:3:7:15:14:17',	'1492188371'),
(3467,	11,	25,	'5:1:2:4:6:3:7:15:14:17',	'1492188371'),
(3468,	12,	25,	'5:1:2:4:6:3:7:15:14:17',	'1492188371'),
(3469,	13,	25,	'5:1:2:4:6:3:7:15:14:17',	'1492188371'),
(3470,	14,	25,	'5:1:2:4:6:3:7:15:14:17',	'1492188371'),
(3471,	15,	25,	'5:1:2:4:6:3:7:15:14:17',	'1492188371'),
(3472,	16,	25,	'5:1:2:4:6:3:7:15:14:17',	'1492188371'),
(3473,	17,	25,	'5:1:2:4:6:3:7:15:14:17',	'1492188371'),
(3474,	18,	25,	'5:1:2:4:6:3:7:15:14:17',	'1492188371'),
(3475,	19,	25,	'5:1:2:4:6:3:7:15:14:17',	'1492188371'),
(3476,	20,	25,	'5:1:2:4:6:3:7:15:14:17',	'1492188371'),
(3477,	4,	26,	'1:2:5:6:3:4:9:17:7:14',	'1493385057'),
(3478,	5,	26,	'1:2:5:6:3:4:9:17:7:14',	'1493385057'),
(3479,	6,	26,	'1:2:5:6:3:4:9:17:7:14',	'1493385057'),
(3480,	7,	26,	'1:2:5:6:3:4:9:17:7:14',	'1493385057'),
(3481,	8,	26,	'1:2:5:6:3:4:9:17:7:14',	'1493385057'),
(3482,	9,	26,	'1:2:5:6:3:4:9:17:7:14',	'1493385057'),
(3483,	10,	26,	'1:2:5:6:3:4:9:17:7:14',	'1493385057'),
(3484,	11,	26,	'1:2:5:6:3:4:9:17:7:14',	'1493385057'),
(3485,	12,	26,	'1:2:5:6:3:4:9:17:7:14',	'1493385057'),
(3486,	13,	26,	'1:2:5:6:3:4:9:17:7:14',	'1493385057'),
(3487,	14,	26,	'1:2:5:6:3:4:9:17:7:14',	'1493385057'),
(3488,	15,	26,	'1:2:5:6:3:4:9:17:7:14',	'1493385057'),
(3489,	16,	26,	'1:2:5:6:3:4:9:17:7:14',	'1493385057'),
(3490,	17,	26,	'1:2:5:6:3:4:9:17:7:14',	'1493385057'),
(3491,	18,	26,	'1:2:5:6:3:4:9:17:7:14',	'1493385057'),
(3492,	19,	26,	'1:2:5:6:3:4:9:17:7:14',	'1493385057'),
(3493,	20,	26,	'1:2:5:6:3:4:9:17:7:14',	'1493385057'),
(3494,	4,	4,	'1:4:5:2:3:6:9:17:7:8',	'1493410557'),
(3495,	5,	4,	'5:1:2:6:4:3:17:9:7:14',	'1494659159'),
(3496,	6,	4,	'5:1:2:6:4:3:17:9:7:14',	'1494659159'),
(3497,	7,	4,	'5:1:2:6:4:3:17:9:7:14',	'1494659159'),
(3498,	8,	4,	'5:1:2:6:4:3:17:9:7:14',	'1494659159'),
(3499,	9,	4,	'5:1:2:6:4:3:17:9:7:14',	'1494659159'),
(3500,	10,	4,	'5:1:2:6:4:3:17:9:7:14',	'1494659159'),
(3501,	11,	4,	'5:1:2:6:4:3:17:9:7:14',	'1494659159'),
(3502,	12,	4,	'5:1:2:6:4:3:17:9:7:14',	'1494659159'),
(3503,	13,	4,	'5:1:2:6:4:3:17:9:7:14',	'1494659159'),
(3504,	14,	4,	'1:5:2:3:4:6:8:9:15:11',	'1505479801'),
(3505,	15,	4,	'1:5:3:2:4:6:17:9:15:8',	'1506704792'),
(3506,	16,	4,	'1:5:3:2:4:6:17:9:15:8',	'1506704792'),
(3507,	17,	4,	'1:5:3:4:2:6:8:15:7:16',	'1508583573'),
(3508,	18,	4,	'1:5:3:2:4:6:17:14:8:7',	'1509100789'),
(3509,	19,	4,	'1:5:3:2:4:6:17:14:8:7',	'1509100789'),
(3510,	20,	4,	'1:5:3:2:4:6:17:14:8:7',	'1509100789'),
(3511,	4,	1,	'1:5:2:6:4:3:9:14:7:8',	'1493439095'),
(3512,	5,	1,	'1:5:2:6:4:3:9:14:7:8',	'1493439095'),
(3513,	6,	1,	'1:5:2:6:4:3:9:14:7:8',	'1493439095'),
(3514,	7,	1,	'1:5:2:6:4:3:9:14:7:8',	'1493439095'),
(3515,	8,	1,	'1:5:2:6:4:3:9:14:7:8',	'1493439095'),
(3516,	9,	1,	'1:5:2:6:4:3:9:14:7:8',	'1493439095'),
(3517,	10,	1,	'1:5:2:6:4:3:9:14:7:8',	'1493439095'),
(3518,	11,	1,	'1:5:2:6:4:3:9:14:7:8',	'1493439095'),
(3519,	12,	1,	'1:5:2:6:4:3:9:14:7:8',	'1493439095'),
(3520,	13,	1,	'1:5:2:6:4:3:9:14:7:8',	'1493439095'),
(3521,	14,	1,	'1:5:2:6:4:3:9:14:7:8',	'1493439095'),
(3522,	15,	1,	'1:5:2:6:4:3:9:14:7:8',	'1493439095'),
(3523,	16,	1,	'1:5:2:6:4:3:9:14:7:8',	'1493439095'),
(3524,	17,	1,	'1:5:2:6:4:3:9:14:7:8',	'1493439095'),
(3525,	18,	1,	'1:5:2:6:4:3:9:14:7:8',	'1493439095'),
(3526,	19,	1,	'1:5:2:6:4:3:9:14:7:8',	'1493439095'),
(3527,	20,	1,	'1:5:2:6:4:3:9:14:7:8',	'1493439095'),
(3528,	5,	17,	'1:2:5:4:6:3:17:7:8:14',	'1494582699'),
(3529,	6,	17,	'1:2:5:4:6:3:17:7:8:14',	'1494582699'),
(3530,	7,	17,	'1:2:5:4:6:3:17:7:8:14',	'1494582699'),
(3531,	8,	17,	'1:2:5:4:6:3:17:7:8:14',	'1494582699'),
(3532,	9,	17,	'1:2:5:4:6:3:17:7:8:14',	'1494582699'),
(3533,	10,	17,	'1:2:5:4:6:3:17:7:8:14',	'1494582699'),
(3534,	11,	17,	'1:2:5:4:6:3:17:7:8:14',	'1494582699'),
(3535,	12,	17,	'1:2:5:4:6:3:17:7:8:14',	'1494582699'),
(3536,	13,	17,	'1:2:5:4:6:3:17:7:8:14',	'1494582699'),
(3537,	14,	17,	'1:2:5:4:6:3:17:7:8:14',	'1494582699'),
(3538,	15,	17,	'1:2:5:4:6:3:17:7:8:14',	'1494582699'),
(3539,	16,	17,	'1:2:5:4:6:3:17:7:8:14',	'1494582699'),
(3540,	17,	17,	'1:2:5:4:6:3:17:7:8:14',	'1494582699'),
(3541,	18,	17,	'1:2:5:4:6:3:17:7:8:14',	'1494582699'),
(3542,	19,	17,	'1:2:5:4:6:3:17:7:8:14',	'1494582699'),
(3543,	20,	17,	'1:2:5:4:6:3:17:7:8:14',	'1494582699'),
(3544,	5,	9,	'1:5:2:6:4:3:9:7:14:8',	'1494616002'),
(3545,	6,	9,	'5:1:2:3:6:4:14:13:7:8',	'1495818581'),
(3546,	7,	9,	'5:1:2:3:6:4:14:13:7:8',	'1495818581'),
(3547,	8,	9,	'5:1:2:3:6:4:14:13:7:8',	'1495818581'),
(3548,	9,	9,	'5:1:2:3:6:4:14:13:7:8',	'1495818581'),
(3549,	10,	9,	'5:1:2:3:6:4:14:13:7:8',	'1495818581'),
(3550,	11,	9,	'5:1:2:3:6:4:14:13:7:8',	'1495818581'),
(3551,	12,	9,	'5:1:2:3:6:4:14:13:7:8',	'1495818581'),
(3552,	13,	9,	'5:1:2:3:6:4:14:13:7:8',	'1495818581'),
(3553,	14,	9,	'5:1:2:3:6:4:14:13:7:8',	'1495818581'),
(3554,	15,	9,	'5:1:2:3:6:4:14:13:7:8',	'1495818581'),
(3555,	16,	9,	'5:1:2:3:6:4:14:13:7:8',	'1495818581'),
(3556,	17,	9,	'5:1:2:3:6:4:14:13:7:8',	'1495818581'),
(3557,	18,	9,	'5:1:2:3:6:4:14:13:7:8',	'1495818581'),
(3558,	19,	9,	'5:1:2:3:6:4:14:13:7:8',	'1495818581'),
(3559,	20,	9,	'5:1:2:3:6:4:14:13:7:8',	'1495818581'),
(3560,	6,	31,	'1:2:5:6:9:3:4:8:11:10',	'1495817460'),
(3561,	7,	31,	'1:2:5:6:9:3:4:8:11:10',	'1495817460'),
(3562,	8,	31,	'1:2:5:6:9:3:4:8:11:10',	'1495817460'),
(3563,	9,	31,	'1:2:5:6:9:3:4:8:11:10',	'1495817460'),
(3564,	10,	31,	'1:2:5:6:9:3:4:8:11:10',	'1495817460'),
(3565,	11,	31,	'1:2:5:6:9:3:4:8:11:10',	'1495817460'),
(3566,	12,	31,	'1:2:5:6:9:3:4:8:11:10',	'1495817460'),
(3567,	13,	31,	'1:2:5:6:9:3:4:8:11:10',	'1495817460'),
(3568,	14,	31,	'1:2:5:6:9:3:4:8:11:10',	'1495817460'),
(3569,	15,	31,	'1:2:5:6:9:3:4:8:11:10',	'1495817460'),
(3570,	16,	31,	'1:2:5:6:9:3:4:8:11:10',	'1495817460'),
(3571,	17,	31,	'1:2:5:6:9:3:4:8:11:10',	'1495817460'),
(3572,	18,	31,	'1:2:5:6:9:3:4:8:11:10',	'1495817460'),
(3573,	19,	31,	'1:2:5:6:9:3:4:8:11:10',	'1495817460'),
(3574,	20,	31,	'1:2:5:6:9:3:4:8:11:10',	'1495817460'),
(3575,	6,	30,	'5:1:6:3:2:7:17:9:14:23',	'1495820667'),
(3576,	7,	30,	'5:1:6:3:2:7:17:9:14:23',	'1495820667'),
(3577,	8,	30,	'5:1:6:3:2:7:17:9:14:23',	'1495820667'),
(3578,	9,	30,	'5:1:6:3:2:7:17:9:14:23',	'1495820667'),
(3579,	10,	30,	'5:2:1:6:3:4:15:10:7:14',	'1500051382'),
(3580,	11,	30,	'5:2:1:6:3:4:15:10:7:14',	'1500051382'),
(3581,	12,	30,	'5:2:1:6:3:4:15:10:7:14',	'1500051382'),
(3582,	13,	30,	'5:2:1:6:3:4:15:10:7:14',	'1500051382'),
(3583,	14,	30,	'5:2:1:6:3:4:15:10:7:14',	'1500051382'),
(3584,	15,	30,	'5:2:1:6:3:4:15:10:7:14',	'1500051382'),
(3585,	16,	30,	'5:2:1:6:3:4:15:10:7:14',	'1500051382'),
(3586,	17,	30,	'5:2:1:6:3:4:15:10:7:14',	'1500051382'),
(3587,	18,	30,	'5:2:1:6:3:4:15:10:7:14',	'1500051382'),
(3588,	19,	30,	'5:2:1:6:3:4:15:10:7:14',	'1500051382'),
(3589,	20,	30,	'5:2:1:6:3:4:15:10:7:14',	'1500051382'),
(3590,	6,	48,	'23:11:8:10:12::20:19:18:23',	'1495864805'),
(3591,	7,	48,	'23:11:8:10:12::20:19:18:23',	'1495864805'),
(3592,	8,	48,	'23:11:8:10:12::20:19:18:23',	'1495864805'),
(3593,	9,	48,	'23:11:8:10:12::20:19:18:23',	'1495864805'),
(3594,	10,	48,	'23:11:8:10:12::20:19:18:23',	'1495864805'),
(3595,	11,	48,	'23:11:8:10:12::20:19:18:23',	'1495864805'),
(3596,	12,	48,	'23:11:8:10:12::20:19:18:23',	'1495864805'),
(3597,	13,	48,	'23:11:8:10:12::20:19:18:23',	'1495864805'),
(3598,	14,	48,	'23:11:8:10:12::20:19:18:23',	'1495864805'),
(3599,	15,	48,	'23:11:8:10:12::20:19:18:23',	'1495864805'),
(3600,	16,	48,	'23:11:8:10:12::20:19:18:23',	'1495864805'),
(3601,	17,	48,	'23:11:8:10:12::20:19:18:23',	'1495864805'),
(3602,	18,	48,	'23:11:8:10:12::20:19:18:23',	'1495864805'),
(3603,	19,	48,	'23:11:8:10:12::20:19:18:23',	'1495864805'),
(3604,	20,	48,	'23:11:8:10:12::20:19:18:23',	'1495864805'),
(3605,	7,	21,	'5:1:6:2:4:3:17:9:7:8',	'1497102336'),
(3606,	8,	21,	'5:1:6:2:4:3:17:9:7:8',	'1497102336'),
(3607,	9,	21,	'5:1:6:2:4:3:17:9:7:8',	'1497102336'),
(3608,	10,	21,	'5:1:6:2:4:3:17:9:7:8',	'1497102336'),
(3609,	11,	21,	'5:1:6:2:4:3:17:9:7:8',	'1497102336'),
(3610,	12,	21,	'5:1:6:2:4:3:17:9:7:8',	'1497102336'),
(3611,	13,	21,	'5:1:6:2:4:3:17:9:7:8',	'1497102336'),
(3612,	14,	21,	'5:1:6:2:4:3:17:9:7:8',	'1497102336'),
(3613,	15,	21,	'5:1:6:2:4:3:17:9:7:8',	'1497102336'),
(3614,	16,	21,	'5:1:6:2:4:3:17:9:7:8',	'1497102336'),
(3615,	17,	21,	'5:1:6:2:4:3:17:9:7:8',	'1497102336'),
(3616,	18,	21,	'5:1:6:2:4:3:17:9:7:8',	'1497102336'),
(3617,	19,	21,	'5:1:6:2:4:3:17:9:7:8',	'1497102336'),
(3618,	20,	21,	'5:1:6:2:4:3:17:9:7:8',	'1497102336'),
(3619,	7,	39,	'5:2:6:1:3:4:7:14:17:9',	'1497113351'),
(3620,	8,	39,	'5:2:6:1:3:4:7:14:17:9',	'1497113351'),
(3621,	9,	39,	'5:2:6:1:3:4:7:14:17:9',	'1497113351'),
(3622,	10,	39,	'5:2:6:1:3:4:7:14:17:9',	'1497113351'),
(3623,	11,	39,	'5:2:6:1:3:4:7:14:17:9',	'1497113351'),
(3624,	12,	39,	'5:2:6:1:3:4:7:14:17:9',	'1497113351'),
(3625,	13,	39,	'5:2:6:1:3:4:7:14:17:9',	'1497113351'),
(3626,	14,	39,	'5:2:6:1:3:4:7:14:17:9',	'1497113351'),
(3627,	15,	39,	'5:2:6:1:3:4:7:14:17:9',	'1497113351'),
(3628,	16,	39,	'5:2:6:1:3:4:7:14:17:9',	'1497113351'),
(3629,	17,	39,	'5:2:6:1:3:4:7:14:17:9',	'1497113351'),
(3630,	18,	39,	'5:2:6:1:3:4:7:14:17:9',	'1497113351'),
(3631,	19,	39,	'5:2:6:1:3:4:7:14:17:9',	'1497113351'),
(3632,	20,	39,	'5:2:6:1:3:4:7:14:17:9',	'1497113351'),
(3633,	8,	46,	'18:19:20:16:8:10:9:15:6:13',	'1498231575'),
(3634,	9,	46,	'18:19:20:16:8:10:9:15:6:13',	'1498231575'),
(3635,	10,	46,	'18:19:20:16:8:10:9:15:6:13',	'1498231575'),
(3636,	11,	46,	'18:19:20:16:8:10:9:15:6:13',	'1498231575'),
(3637,	12,	46,	'18:19:20:16:8:10:9:15:6:13',	'1498231575'),
(3638,	13,	46,	'18:19:20:16:8:10:9:15:6:13',	'1498231575'),
(3639,	14,	46,	'18:19:20:16:8:10:9:15:6:13',	'1498231575'),
(3640,	15,	46,	'18:19:20:16:8:10:9:15:6:13',	'1498231575'),
(3641,	16,	46,	'18:19:20:16:8:10:9:15:6:13',	'1498231575'),
(3642,	17,	46,	'18:19:20:16:8:10:9:15:6:13',	'1498231575'),
(3643,	18,	46,	'18:19:20:16:8:10:9:15:6:13',	'1498231575'),
(3644,	19,	46,	'18:19:20:16:8:10:9:15:6:13',	'1498231575'),
(3645,	20,	46,	'18:19:20:16:8:10:9:15:6:13',	'1498231575'),
(3646,	9,	33,	'3:2:5:1:6:7:4:8:13:17',	'1499497446'),
(3647,	10,	33,	'3:2:5:1:6:7:4:8:13:17',	'1499497446'),
(3648,	11,	33,	'3:2:5:1:6:7:4:8:13:17',	'1499497446'),
(3649,	12,	33,	'3:2:5:1:6:7:4:8:13:17',	'1499497446'),
(3650,	13,	33,	'3:2:5:1:6:7:4:8:13:17',	'1499497446'),
(3651,	14,	33,	'3:2:5:1:6:7:4:8:13:17',	'1499497446'),
(3652,	15,	33,	'3:2:5:1:6:7:4:8:13:17',	'1499497446'),
(3653,	16,	33,	'3:2:5:1:6:7:4:8:13:17',	'1499497446'),
(3654,	17,	33,	'3:2:5:1:6:7:4:8:13:17',	'1499497446'),
(3655,	18,	33,	'3:2:5:1:6:7:4:8:13:17',	'1499497446'),
(3656,	19,	33,	'3:2:5:1:6:7:4:8:13:17',	'1499497446'),
(3657,	20,	33,	'3:2:5:1:6:7:4:8:13:17',	'1499497446'),
(3658,	9,	8,	'1:5:2:3:6:7:17:9:13:8',	'1499501083'),
(3659,	10,	8,	'1:5:2:3:6:7:17:9:13:8',	'1499501083'),
(3660,	11,	8,	'1:5:2:3:6:7:17:9:13:8',	'1499501083'),
(3661,	12,	8,	'1:5:2:3:6:7:17:9:13:8',	'1499501083'),
(3662,	13,	8,	'1:5:2:3:6:7:17:9:13:8',	'1499501083'),
(3663,	14,	8,	'1:5:2:3:6:7:17:9:13:8',	'1499501083'),
(3664,	15,	8,	'1:5:2:3:6:7:17:9:13:8',	'1499501083'),
(3665,	16,	8,	'1:5:2:3:6:7:17:9:13:8',	'1499501083'),
(3666,	17,	8,	'1:5:2:3:6:7:17:9:13:8',	'1499501083'),
(3667,	18,	8,	'1:5:2:3:6:7:17:9:13:8',	'1499501083'),
(3668,	19,	8,	'1:5:2:3:6:7:17:9:13:8',	'1499501083'),
(3669,	20,	8,	'1:5:2:3:6:7:17:9:13:8',	'1499501083'),
(3670,	9,	24,	'5:3:4:2:6:10:7:17:8:16',	'1499501222'),
(3671,	10,	24,	'5:3:4:2:6:10:7:17:8:16',	'1499501222'),
(3672,	11,	24,	'5:3:4:2:6:10:7:17:8:16',	'1499501222'),
(3673,	12,	24,	'5:1:2:6:3:7:9:8:17:10',	'1503692848'),
(3674,	13,	24,	'5:1:2:6:3:7:9:8:17:10',	'1503692848'),
(3675,	14,	24,	'5:1:2:6:3:7:9:8:17:10',	'1503692848'),
(3676,	15,	24,	'5:1:2:6:3:7:9:8:17:10',	'1503692848'),
(3677,	16,	24,	'5:1:2:6:3:7:9:8:17:10',	'1503692848'),
(3678,	17,	24,	'5:1:2:6:3:7:9:8:17:10',	'1503692848'),
(3679,	18,	24,	'5:1:2:6:3:7:9:8:17:10',	'1503692848'),
(3680,	19,	24,	'5:1:2:6:3:7:9:8:17:10',	'1503692848'),
(3681,	20,	24,	'5:1:2:6:3:7:9:8:17:10',	'1503692848'),
(3682,	10,	35,	'1:6:2:3:5:9:8:7:10:13',	'1500053026'),
(3683,	11,	35,	'1:6:2:3:5:9:8:7:10:13',	'1500053026'),
(3684,	12,	35,	'1:5:2:6:3:7:8:9:17:13',	'1503664011'),
(3685,	13,	35,	'1:5:6:2:9:4:7:8:3:17',	'1504257167'),
(3686,	14,	35,	'4:5:6:2:3:9:8:10:13:14',	'1505556449'),
(3687,	15,	35,	'4:5:6:2:3:9:8:10:13:14',	'1505556449'),
(3688,	16,	35,	'4:5:6:2:3:9:8:10:13:14',	'1505556449'),
(3689,	17,	35,	'4:5:6:2:3:9:8:10:13:14',	'1505556449'),
(3690,	18,	35,	'4:5:6:2:3:9:8:10:13:14',	'1505556449'),
(3691,	19,	35,	'4:5:6:2:3:9:8:10:13:14',	'1505556449'),
(3692,	20,	35,	'4:5:6:2:3:9:8:10:13:14',	'1505556449'),
(3693,	11,	6,	'1:2:4:5:9:7:15:10:11:14',	'1501188110'),
(3694,	12,	6,	'1:2:4:5:9:7:15:10:11:14',	'1501188110'),
(3695,	13,	6,	'1:2:4:5:9:7:15:10:11:14',	'1501188110'),
(3696,	14,	6,	'1:2:4:5:9:7:15:10:11:14',	'1501188110'),
(3697,	15,	6,	'1:2:4:5:9:7:15:10:11:14',	'1501188110'),
(3698,	16,	6,	'1:2:4:5:9:7:15:10:11:14',	'1501188110'),
(3699,	17,	6,	'1:2:4:5:9:7:15:10:11:14',	'1501188110'),
(3700,	18,	6,	'1:2:4:5:9:7:15:10:11:14',	'1501188110'),
(3701,	19,	6,	'1:2:4:5:9:7:15:10:11:14',	'1501188110'),
(3702,	20,	6,	'1:2:4:5:9:7:15:10:11:14',	'1501188110'),
(3703,	11,	36,	'5:1:4:2:3:6:7:8:15:17',	'1501218059'),
(3704,	12,	36,	'5:1:4:2:3:6:7:8:15:17',	'1501218059'),
(3705,	13,	36,	'2:5:1:6:4:3:7:17:15:9',	'1504247916'),
(3706,	14,	36,	'2:5:1:6:4:3:7:17:15:9',	'1504247916'),
(3707,	15,	36,	'2:5:1:6:4:3:7:17:15:9',	'1504247916'),
(3708,	16,	36,	'2:5:1:6:4:3:7:17:15:9',	'1504247916'),
(3709,	17,	36,	'2:5:1:6:4:3:7:17:15:9',	'1504247916'),
(3710,	18,	36,	'2:5:1:6:4:3:7:17:15:9',	'1504247916'),
(3711,	19,	36,	'2:5:1:6:4:3:7:17:15:9',	'1504247916'),
(3712,	20,	36,	'2:5:1:6:4:3:7:17:15:9',	'1504247916'),
(3713,	11,	14,	'1:2:5:3:6:4:9:7:8:14',	'1501220403'),
(3714,	12,	14,	'1:2:5:3:6:4:9:7:8:14',	'1501220403'),
(3715,	13,	14,	'1:2:5:3:6:4:9:7:8:14',	'1501220403'),
(3716,	14,	14,	'1:2:5:3:6:4:9:7:8:14',	'1501220403'),
(3717,	15,	14,	'1:2:5:3:6:4:9:7:8:14',	'1501220403'),
(3718,	16,	14,	'1:2:5:3:6:4:9:7:8:14',	'1501220403'),
(3719,	17,	14,	'1:2:5:3:6:4:9:7:8:14',	'1501220403'),
(3720,	18,	14,	'1:2:5:3:6:4:9:7:8:14',	'1501220403'),
(3721,	19,	14,	'1:2:5:3:6:4:9:7:8:14',	'1501220403'),
(3722,	20,	14,	'1:2:5:3:6:4:9:7:8:14',	'1501220403'),
(3723,	13,	34,	'13:11:5:2:3:9:4:17:7:8',	'1504328323'),
(3724,	14,	34,	'13:11:5:2:3:9:4:17:7:8',	'1504328323'),
(3725,	15,	34,	'13:11:5:2:3:9:4:17:7:8',	'1504328323'),
(3726,	16,	34,	'13:11:5:2:3:9:4:17:7:8',	'1504328323'),
(3727,	17,	34,	'13:11:5:2:3:9:4:17:7:8',	'1504328323'),
(3728,	18,	34,	'13:11:5:2:3:9:4:17:7:8',	'1504328323'),
(3729,	19,	34,	'13:11:5:2:3:9:4:17:7:8',	'1504328323'),
(3730,	20,	34,	'13:11:5:2:3:9:4:17:7:8',	'1504328323'),
(3731,	14,	41,	'5:1:3:6:4:2:8:7:9:11',	'1505467171'),
(3732,	15,	41,	'5:1:3:6:4:2:8:7:9:11',	'1505467171'),
(3733,	16,	41,	'5:1:3:6:4:2:8:7:9:11',	'1505467171'),
(3734,	17,	41,	'5:1:3:6:4:2:8:7:9:11',	'1505467171'),
(3735,	18,	41,	'5:1:3:6:4:2:8:7:9:11',	'1505467171'),
(3736,	19,	41,	'5:1:3:6:4:2:8:7:9:11',	'1505467171'),
(3737,	20,	41,	'5:1:3:6:4:2:8:7:9:11',	'1505467171'),
(3738,	14,	13,	'6:3:1:17:5:2:10:14:9:8',	'1505469500'),
(3739,	15,	13,	'6:3:1:17:5:2:10:14:9:8',	'1505469500'),
(3740,	16,	13,	'6:3:1:17:5:2:10:14:9:8',	'1505469500'),
(3741,	17,	13,	'6:3:1:17:5:2:10:14:9:8',	'1505469500'),
(3742,	18,	13,	'6:3:1:17:5:2:10:14:9:8',	'1505469500'),
(3743,	19,	13,	'6:3:1:17:5:2:10:14:9:8',	'1505469500'),
(3744,	20,	13,	'6:3:1:17:5:2:10:14:9:8',	'1505469500'),
(3745,	16,	51,	'5::6:1:2:7:8:9:11:12',	'1507277520'),
(3746,	17,	51,	'5::6:1:2:7:8:9:11:12',	'1507277520'),
(3747,	18,	51,	'5::6:1:2:7:8:9:11:12',	'1507277520'),
(3748,	19,	51,	'5::6:1:2:7:8:9:11:12',	'1507277520'),
(3749,	20,	51,	'5::6:1:2:7:8:9:11:12',	'1507277520'),
(3750,	16,	50,	'5:1:2:4:3:6:7:9:11:15',	'1507278547'),
(3751,	17,	50,	'5:1:2:4:3:6:7:9:11:15',	'1507278547'),
(3752,	18,	50,	'5:1:2:4:3:6:7:9:11:15',	'1507278547'),
(3753,	19,	50,	'5:1:2:4:3:6:7:9:11:15',	'1507278547'),
(3754,	20,	50,	'5:1:2:4:3:6:7:9:11:15',	'1507278547'),
(3755,	16,	52,	'5:1:3:4:2:6:8:10:7:9',	'1507287248'),
(3756,	17,	52,	'5:1:3:4:2:6:8:10:7:9',	'1507287248'),
(3757,	18,	52,	'5:1:3:4:2:6:8:10:7:9',	'1507287248'),
(3758,	19,	52,	'5:1:3:4:2:6:8:10:7:9',	'1507287248'),
(3759,	20,	52,	'5:1:3:4:2:6:8:10:7:9',	'1507287248');

DROP TABLE IF EXISTS `pilots`;
CREATE TABLE `pilots` (
  `pilot_id` int(11) NOT NULL AUTO_INCREMENT,
  `pilotname` varchar(45) DEFAULT NULL,
  PRIMARY KEY (`pilot_id`)
) ENGINE=InnoDB DEFAULT CHARSET=utf8;

INSERT INTO `pilots` (`pilot_id`, `pilotname`) VALUES
(1,	'Хэмилтон'),
(2,	'Боттас'),
(3,	'Риккардо'),
(4,	'Ферстаппен'),
(5,	'Феттель'),
(6,	'Райкконен'),
(7,	'Перес'),
(8,	'Окон'),
(9,	'Масса'),
(10,	'Стролл'),
(11,	'Алонсо'),
(12,	'Вандорн'),
(13,	'Квят'),
(14,	'Сайнс'),
(15,	'Грожан'),
(16,	'Магнуссен'),
(17,	'Хюлкенберг'),
(18,	'Палмер'),
(19,	'Эриксон'),
(20,	'Верляйн'),
(21,	'Гасли'),
(22,	'Хартли'),
(23,	'Баттон');

DROP TABLE IF EXISTS `races`;
CREATE TABLE `races` (
  `race_id` int(11) NOT NULL AUTO_INCREMENT,
  `racename` varchar(45) DEFAULT NULL,
  `deadline` int(11) DEFAULT NULL,
  PRIMARY KEY (`race_id`)
) ENGINE=InnoDB DEFAULT CHARSET=utf8;

INSERT INTO `races` (`race_id`, `racename`, `deadline`) VALUES
(1,	'Австралия',	1490515200),
(2,	'Китай',	1491645600),
(3,	'Бахрейн',	1492279200),
(4,	'Россия',	1493478000),
(5,	'Испания',	1494687600),
(6,	'Монако',	1495897200),
(7,	'Канада',	1497124800),
(8,	'Азербайджан',	1498320000),
(9,	'Австрия',	1499526000),
(10,	'Великобритания',	1500130800),
(11,	'Венгрия',	1501340400),
(12,	'Бельгия',	1503759600),
(13,	'Италия',	1504364400),
(14,	'Сингапур',	1505577600),
(15,	'Малайзия',	1506772800),
(16,	'Япония',	1507366800),
(17,	'США',	1508623200),
(18,	'Мексика',	1509224400),
(19,	'Бразилия',	1510426800),
(20,	'Абу-Даби',	1511625600);

DROP TABLE IF EXISTS `race_result`;
CREATE TABLE `race_result` (
  `race_id` int(11) NOT NULL,
  `positions` varchar(99) DEFAULT NULL,
  PRIMARY KEY (`race_id`),
  KEY `fk_race_result_races1_idx` (`race_id`),
  CONSTRAINT `fk_race_result_races1` FOREIGN KEY (`race_id`) REFERENCES `races` (`race_id`) ON DELETE NO ACTION ON UPDATE NO ACTION
) ENGINE=InnoDB DEFAULT CHARSET=latin1;

INSERT INTO `race_result` (`race_id`, `positions`) VALUES
(1,	'5:1:2:6:4:9:7:14:13:8:17'),
(2,	'1:5:4:3:6:2:14:16:7:8:15'),
(3,	'5:1:2:6:3:9:7:15:17:8:20'),
(4,	'2:5:6:1:4:7:8:17:9:14:10'),
(5,	'1:5:3:7:8:17:14:20:13:15:19'),
(6,	'5:6:3:2:4:14:1:15:9:16:18'),
(7,	'1:2:3:5:7:8:6:17:10:15:18'),
(8,	'3:2:10:5:1:8:16:14:11:20:19'),
(9,	'2:5:3:1:6:15:7:8:9:10:18'),
(10,	'1:2:6:4:3:17:5:8:7:9:12'),
(11,	'5:6:2:1:4:11:14:7:8:12:13'),
(12,	'1:5:3:6:2:17:15:9:8:14:10'),
(13,	'1:2:5:3:6:8:10:9:7:4:16'),
(14,	'1:3:2:14:7:18:12:10:15:8:9'),
(15,	'4:1:3:5:2:7:12:10:9:8:11'),
(16,	'1:4:3:2:6:8:7:16:15:9:11'),
(17,	'1:5:6:4:2:8:14:7:9:13:10'),
(18,	'4:2:6:5:8:10:7:16:1:11:9');

DROP TABLE IF EXISTS `users`;
CREATE TABLE `users` (
  `user_id` int(11) NOT NULL AUTO_INCREMENT,
  `username` varchar(45) CHARACTER SET latin1 DEFAULT NULL,
  `role` tinyint(4) DEFAULT '0',
  `token` varchar(16) DEFAULT NULL,
  PRIMARY KEY (`user_id`)
) ENGINE=InnoDB DEFAULT CHARSET=utf8;

INSERT INTO `users` (`user_id`, `username`, `role`, `token`) VALUES
(1,	'ArtMaster',	0,	''),
(2,	'kybik',	0,	''),
(3,	'Prometeus',	0,	''),
(4,	'gabo',	0,	''),
(5,	'arena',	0,	''),
(6,	'fabula',	0,	''),
(7,	'yesmish2002',	0,	''),
(8,	'Leum',	0,	''),
(9,	'Bovva_iDoc',	0,	''),
(10,	'EverGreennn',	0,	''),
(11,	'glaznoy_muskul',	0,	''),
(12,	'koffy76',	0,	''),
(13,	'mrlsd25',	0,	''),
(14,	'oleg_tgn',	0,	''),
(15,	'Arkh24rus',	0,	''),
(16,	'Kushavera',	0,	''),
(17,	'msqz',	0,	''),
(18,	'elicaster',	0,	''),
(19,	'AbrOhunter',	0,	''),
(20,	'Dmitriy',	0,	''),
(21,	'brd',	0,	''),
(22,	'0rion',	0,	''),
(23,	'prfl',	0,	''),
(24,	'Andruhas',	0,	''),
(25,	'Fire1',	0,	''),
(26,	'FullMetallBeach',	0,	''),
(27,	'Galwayer',	0,	''),
(28,	'EvEnger',	0,	''),
(29,	'azbr',	0,	''),
(30,	'GrayWolf',	0,	''),
(31,	'Polykarp',	0,	''),
(32,	'buffaloid',	0,	''),
(33,	'al31',	0,	''),
(34,	'jenkins',	0,	''),
(35,	'namefag',	0,	''),
(36,	'Leo_87',	0,	''),
(37,	'kimi',	0,	''),
(38,	'Kildin',	0,	''),
(39,	'shoobaloo',	0,	''),
(40,	'sabhas',	0,	''),
(41,	'Gorvin',	0,	''),
(42,	'aspire89',	0,	''),
(43,	'shlang',	0,	''),
(44,	'neozoen',	0,	''),
(45,	'GeasMuire',	0,	''),
(46,	'dogfight',	0,	''),
(47,	'serviceman',	0,	''),
(48,	'gunvor',	0,	''),
(49,	'LazyKarlson',	1,	'Z()0mer76'),
(50,	'kityanin',	0,	NULL),
(51,	'Abramovitch',	0,	NULL),
(52,	'ArcTour',	0,	NULL);

-- 2017-10-31 09:14:27
